"""Some vaccines are fantastic and even better than we thought - but I think it is important to point out that data suggest that we do neither the children nor society a favor by COVID vaccinating the healthy 12-15 year olds, even though now is an approved #vaccine""

#NSEVac https://t.co/0SYnnRmQzL",2021-06-06 09:58:56,1401478706707636225,Wetradefree,EmfFact,1149920097357717504,Earthly Paradise,,"Modern survivalist at the sunset of #freedomFrom
""to protect the author rights of Lord Jesus #Christ in the world""
#KnowYourEnemy and you will #KnowYourSaviour",False,244,410,8377,9083,1,2019-07-13 05:54:50,https://pbs.twimg.com/profile_images/1238749217843220483/V1JKD8Gk_normal.jpg,True,False,en
Almost at the vaccination centre getting ready for my first shot #AstraZeneca. My mind is humming ‚ÄòRule Britannia‚Äô.,2021-06-06 06:18:13,1401423163024711680,Jannik Malte Meissner,jannikmeissner,93052506,Looking for paradise ,https://t.co/eC20QPEn4Q,"Building @Neuralfinity (ML API via generalisable models); Committed to open source, diversity and sustainability; Student Team Entrepreneurship (he/him)",False,452,1207,6078,9805,45,2009-11-27 21:34:28,https://pbs.twimg.com/profile_images/1352445652693884932/lvDMNWic_normal.jpg,False,False,en
"5.20 am and I‚Äôm waiting for time to leave for my first shot #AstraZeneca (at 9am) 
Spending it debating test driven development with strangers on Reddit üòÇ",2021-06-06 03:21:18,1401378640407969794,Jannik Malte Meissner,jannikmeissner,93052506,Looking for paradise ,https://t.co/eC20QPEn4Q,"Building @Neuralfinity (ML API via generalisable models); Committed to open source, diversity and sustainability; Student Team Entrepreneurship (he/him)",False,452,1207,6078,9805,45,2009-11-27 21:34:28,https://pbs.twimg.com/profile_images/1352445652693884932/lvDMNWic_normal.jpg,False,False,en
"RT @lehogan: Those best #CBS who haven't gotten their #CovidVaccine yet, @ShopprsDrugMart has appointments!",2021-06-06 02:40:06,1401368268489871361,Janet,janetdujour,20536587,,,"I like beer and bravo tvüç∫ she/her
Newfoundlander in Nova Scotia",False,297,1163,19864,8581,3,2009-02-10 19:19:53,https://pbs.twimg.com/profile_images/1318313693994766337/8NzfUrQS_normal.jpg,False,False,en
"RT @lehogan: Those best #CBS who haven't gotten their #CovidVaccine yet, @ShopprsDrugMart has appointments!",2021-06-05 22:28:19,1401304907626516481,Socially Distanced Jacqui,JacquiKJanes,101579405,"St. John's, NL",http://t.co/z5yqjIgv2U,"TV junkie love politics but keep it friendly will cook a meal for a special occasion, always planning a trip will help you find new employees(thats my job)",False,1416,2750,29718,20833,38,2010-01-03 21:40:09,https://pbs.twimg.com/profile_images/550107455313571840/jVlI6oZf_normal.jpeg,False,False,en
"RT @LasVegasFD: TODAY‚Äôs POP up vaccination event
Bill &amp; Lillie Heinrich YMCA
FLOAT LIKE A DUCK EVENT
4141 Meadows Lane across from Meadows‚Ä¶",2021-06-05 20:27:24,1401274478101946377,Las Vegas FireRescue,LasVegasFD,372864877,"Las Vegas, Nevada USA",https://t.co/s1SYRj1XnX,Official information from Las Vegas Fire & Rescue Public Information Officer PIO1 (@firepeio) w/ @CityofLasVegas. Official LVFR Facebook: LasVegasFD,True,34572,9,4776,43173,510,2011-09-13 15:21:12,https://pbs.twimg.com/profile_images/1024028968742150150/H2gb52Z3_normal.jpg,False,False,en
"RT @LasVegasFD: TODAY‚Äôs POP up vaccination event
Bill &amp; Lillie Heinrich YMCA
FLOAT LIKE A DUCK EVENT
4141 Meadows Lane across from Meadows‚Ä¶",2021-06-05 20:16:17,1401271680148721666,Lisa Morris Hibbler,lmorris1908,54719505,"Las Vegas, NV",,Leading community services efforts for @cityoflasvegas. community and youth advocate. Social Innovation. wife and mother of 3. Tweets are my own.,False,2308,1710,34075,23843,36,2009-07-07 23:27:52,https://pbs.twimg.com/profile_images/966503575667974144/Z6kETGal_normal.jpg,True,False,en
"RT @LasVegasFD: TODAY‚Äôs POP up vaccination event
Bill &amp; Lillie Heinrich YMCA
FLOAT LIKE A DUCK EVENT
4141 Meadows Lane across from Meadows‚Ä¶",2021-06-05 20:02:30,1401268211576819714,Las Vegas CFA,LasVegasCFA,583914180,,,Citizens Fire Academy / Fire Corps Program / CFA Alumni Assn of Las Vegas Fire & Rescue Ph: 702-229-0146 cfa@LasVegasNevada.gov,False,1526,16,1986,21657,43,2012-05-18 14:01:20,https://pbs.twimg.com/profile_images/2229174212/FireSeal-CitizensAcademy_normal.JPG,True,False,en
"RT @LasVegasFD: TODAY‚Äôs POP up vaccination event
Bill &amp; Lillie Heinrich YMCA
FLOAT LIKE A DUCK EVENT
4141 Meadows Lane across from Meadows‚Ä¶",2021-06-05 20:02:23,1401268181314899971,Tim Szymanski,firepeio,165247523,"Las Vegas, Nevada, USA",https://t.co/8u8o6HNmUu,"Advanced PIO & Master Fire Service Instructor. 50 yrs on the job, Tweets are my own. Las Vegas, Atlanta, Cleveland KF7PIO",False,2591,249,8537,41629,102,2010-07-11 01:39:05,https://pbs.twimg.com/profile_images/1332538983180427264/4yLNjHLt_normal.jpg,False,False,en
"TODAY‚Äôs POP up vaccination event
Bill &amp; Lillie Heinrich YMCA
FLOAT LIKE A DUCK EVENT
4141 Meadows Lane across from Meadows Mall
TODAY NOW UNTIL 3PM
You can make appointments on https://t.co/MyCYL8Tibu
Walk ups welcome
Pfizer/J&amp;J event
#GetVaccinated https://t.co/XxtGUwle3p",2021-06-05 19:59:36,1401267479662399489,Las Vegas FireRescue,LasVegasFD,372864877,"Las Vegas, Nevada USA",https://t.co/s1SYRj1XnX,Official information from Las Vegas Fire & Rescue Public Information Officer PIO1 (@firepeio) w/ @CityofLasVegas. Official LVFR Facebook: LasVegasFD,True,34572,9,4776,43173,510,2011-09-13 15:21:12,https://pbs.twimg.com/profile_images/1024028968742150150/H2gb52Z3_normal.jpg,False,False,en
#GetVaccinated üëáüèº https://t.co/5mv6DbhgEx,2021-06-05 19:28:56,1401259762503753729,Tony Shappy üáµüá≠üá∫üá∏,TonyShappy,177900605,Las Vegas NV & Angeles City PH,https://t.co/zfIl4emx7N,"A Filipino Harley Rider of Las Vegas NV. & Angeles City PH. I Tweet & RT Opinions, Views, & The News...",False,1232,349,44502,90471,74,2010-08-13 10:20:25,https://pbs.twimg.com/profile_images/1363017285393285122/etNudSYw_normal.jpg,False,False,und
"I'll keep you up to date in case I feel like death.

No judgment from me for those who decline the Coronavirus vaccine. It's a free country.

#FullyVaccinated #Coronavirus #COVID19 #COVID #Pfizer https://t.co/EEXMTPUZ1O",2021-06-05 19:05:43,1401253919548870656,Instagram: AWrestlingHistorian,LetsGoBackToWCW,999656112365490176,"Las Vegas, NV",https://t.co/aEeqmSx0eT,"A daily reminder of professional wrestling's past (WWE, NWA, WCW, ECW, TNA, & AEW).

And the Associate Producer of Kevin Sullivan's podcast, Taskmaster Talks.",False,1459,729,17582,25834,6,2018-05-24 14:19:24,https://pbs.twimg.com/profile_images/1385490673613291520/x81HvQ5P_normal.jpg,True,False,en
"Pub time! No masks required üòÄüôåüèªüç∫üç∫üç∫ #vaccinated #lasvegas (@ Bogey‚Äôs Bar &amp; Grill in Las Vegas, NV) https://t.co/TVavV6SpIc",2021-06-05 17:35:34,1401231236081803270,Mr. Wine Time,MrWineTime,291714399,Las Vegas üé∞ ,,Wine. Vegas. Repeat.,False,4856,5095,30463,43462,45,2011-05-02 14:08:29,https://pbs.twimg.com/profile_images/1043534509629526017/O7jHdLCl_normal.jpg,False,False,en
"RT @lehogan: Those best #CBS who haven't gotten their #CovidVaccine yet, @ShopprsDrugMart has appointments!",2021-06-05 14:50:21,1401189656977362945,Curtis Traverse,z56cjt,16750895,"Paradise, NL",,Software Developer/Product Manager/Golfer/Hockey Player He/Him,False,1322,4920,149333,30896,17,2008-10-15 00:34:25,https://pbs.twimg.com/profile_images/1392670729372676098/EyuQXwPZ_normal.jpg,False,False,en
"Those best #CBS who haven't gotten their #CovidVaccine yet, @ShopprsDrugMart has appointments!",2021-06-05 14:49:08,1401189351250403330,Lori,lehogan,15097693,Paradise,,"Mom, wife, Comp Eng, educator, volunteer, dog lover, geek, feminist. Mildly political, majorly into STEM. She/her",False,2442,2078,123710,65420,77,2008-06-12 15:35:30,https://pbs.twimg.com/profile_images/1285591445257281537/ykz9ODYu_normal.jpg,False,False,en
"RT @ClarkCountyNV: Join Cmsr. @JustinJonesNV and partners at @thelvballpark on Saturday, June 5th for a #COVID19 #Vaccine clinic. Book appo‚Ä¶",2021-06-05 13:58:36,1401176633675968515,Vangelina Salazar,VangelinaS4,725003133701640192,,,,False,240,455,89836,49105,2,2016-04-26 16:46:31,https://pbs.twimg.com/profile_images/1317564009327988736/hHLX7pqO_normal.jpg,True,False,en
"RT @ClarkCountyNV: Join Cmsr. @JustinJonesNV and partners at @thelvballpark on Saturday, June 5th for a #COVID19 #Vaccine clinic. Book appo‚Ä¶",2021-06-05 13:49:10,1401174257384648709,Judy Miyashiro,LVJudy77,580270466,Las Vegas,,,False,301,936,9685,8825,19,2012-05-14 21:51:33,https://pbs.twimg.com/profile_images/989144273843965953/MbPOTttE_normal.jpg,False,False,en
#GetVaccinated https://t.co/ac9I8XMCsd,2021-06-05 06:06:39,1401057862340669440,Dee,Dee_Biden2020,910627601034571776,"Las Vegas, NV",,"Animal loverüêæ Be Kind üíú 
Biden Won üéâ  #MeeToo #BLM #Vote #VoteByMail #MaskUp üò∑",False,547,1764,40878,21793,2,2017-09-20 22:11:53,https://pbs.twimg.com/profile_images/1308600335120834561/qaDPvosj_normal.jpg,True,False,und
#GetVaccinated https://t.co/FUt9IYgM5Y,2021-06-05 06:04:43,1401057378095697921,Tony Shappy üáµüá≠üá∫üá∏,TonyShappy,177900605,Las Vegas NV & Angeles City PH,https://t.co/zfIl4emx7N,"A Filipino Harley Rider of Las Vegas NV. & Angeles City PH. I Tweet & RT Opinions, Views, & The News...",False,1232,349,44502,90471,74,2010-08-13 10:20:25,https://pbs.twimg.com/profile_images/1363017285393285122/etNudSYw_normal.jpg,False,False,und
#vaccinated https://t.co/SekZqRvy5j,2021-06-05 04:35:23,1401034892788436996,‚ò¨‚Ä¢Yzavela Narvaez‚Ä¢‚ò¨,Yzavela_,1136030995,"Las Vegas, NV",https://t.co/jN1zyPxwu6,#healthcareworker üë©üèª‚Äç‚öïÔ∏è #author of the #KeeperOfLaTeclaTheKey series üìö #petparent üêæ #gamer üéÆ #reviewer üì∞ #puertorican üáµüá∑,False,817,1270,7190,8779,46,2013-01-31 04:40:27,https://pbs.twimg.com/profile_images/1378948761007747072/hRsEK5w5_normal.jpg,False,False,und
Thanks @DiscoveryLV for keeping mask on for the kids to be safe. @pfizer  still waiting for kids under 12 to be able to be vaccinated. My reminder of why I still wear a mask in public places. #GetVaccinated https://t.co/W1sKD7szxN,2021-06-05 02:26:30,1401002460773113858,Nancyüå∫,louaijia,2174433228,"Las Vegas, NV",,"Trying to find interesting information about my environment, Las Vegas, NV. Crawling my way up to be considered an expert Las Vegan? üôÑ",False,31,134,639,625,6,2013-11-04 17:24:04,https://pbs.twimg.com/profile_images/999341715696766978/tpnPNh2i_normal.jpg,True,False,en
More study urged after 7 teen boys suffer heart inflammation after getting COVID-19 vaccine https://t.co/W7FjI9vQDy #Vaccine #DeadlyVaccine,2021-06-05 02:07:06,1400997578682994690,Prime Time Media,PrimeTimeMedia7,1116773784436887552,"Las Vegas, NV",https://t.co/IKTg9xtKQZ,Prime Time Media is a #Promotion Company that provides #FacebookPromotion #TwitterPromotion #YoutubePromotion #WebsitePromotion,False,186,48,704,337,0,2019-04-12 18:43:13,https://pbs.twimg.com/profile_images/1116773915785715712/LihGo5q6_normal.png,False,False,en
"RT @ax_kidcessories: New #vaccine #cardholders üòâ
#StarTrek #AmongUs 
https://t.co/wCzBoPJ6ap https://t.co/Z8nbQCrHcM",2021-06-05 00:35:32,1400974536049250305,Shark Bone ‚òÄÔ∏è,Shark_Bone,63382176,"Las Vegas, NV",https://t.co/wYZM5XnMdO,"I've done a lot of stuff, but none of it defines me. TTRPGs are life. Chahta sia hoke!
He/Him",False,692,573,20977,20941,57,2009-08-06 05:26:31,https://pbs.twimg.com/profile_images/1353024631158972417/rzOKvmcS_normal.jpg,False,False,und
Yay me. 2nd dose of Pfizer down!!! Relieved. #GetVaccinated,2021-06-04 23:17:34,1400954913010581505,JWVegas,JWVegas1,946950395791687681,"Las Vegas, NV",,#BidenHarris There can be no unity or healing without accountability. #ConvictTrump #LasVegas #Vegan #Realtor #MLB #NHL #Resist üçª #Braves #O's #Preds #TN2NV,False,7528,8111,465609,185529,1,2017-12-30 03:45:42,https://pbs.twimg.com/profile_images/1351934256499494912/dCEU7dBA_normal.jpg,True,False,en
"New #vaccine #cardholders üòâ
#StarTrek #AmongUs 
https://t.co/wCzBoPJ6ap https://t.co/Z8nbQCrHcM",2021-06-04 23:15:24,1400954367780429829,Axel's Kidcessories,ax_kidcessories,78085504,Las Vegas!,https://t.co/0kreqYrjEv,WHERE YOUR WISHES ARE OUR STITCHES!,False,339,330,488,9514,26,2009-09-28 18:34:44,https://pbs.twimg.com/profile_images/1199006860474368000/UhAasM8W_normal.jpg,False,False,und
RT @RepSusieLee: Reminder: #GetVaccinated and per-register for tomorrow‚Äôs Firstmed Health and Wellness and @ThreeSquareLV event üëá,2021-06-04 22:09:47,1400937853362782217,ÿπÿ≤ Ÿáÿ∞ŸäŸÑ ÿßÿ≠ŸÖÿØ ÿßŸÑŸÜÿØŸàŸä,7I00l7,1297079155067158530,,,"ÿ∂ŸêŸÄŸÄŸäŸÖ , ŸÅÿßŸÑŸÉŸÄÿ±ÿßÿ®ŸÄŸÄŸê",False,71,550,4434,56564,0,2020-08-22 07:52:38,https://pbs.twimg.com/profile_images/1297114129170300928/5vBblbx4_normal.jpg,True,False,en
RT @RepSusieLee: Reminder: #GetVaccinated and per-register for tomorrow‚Äôs Firstmed Health and Wellness and @ThreeSquareLV event üëá https://t‚Ä¶,2021-06-04 22:09:30,1400937782734987266,All 435 Reps,All435Reps,1124447266205503488,,,Collecting and retweeting tweets by all members of the US House of Representatives. Archived at: https://t.co/pr8ZcQwGNu,False,5184,747,0,571794,69,2019-05-03 22:54:54,https://pbs.twimg.com/profile_images/1124713248211783680/dISvFwue_normal.png,True,False,en
Reminder: #GetVaccinated and per-register for tomorrow‚Äôs Firstmed Health and Wellness and @ThreeSquareLV event üëá https://t.co/GzD7z4H76y,2021-06-04 22:09:24,1400937760542834688,Rep. Susie Lee,RepSusieLee,1079061579973439488,"Las Vegas, NV",https://t.co/wVId73vLrP,Congresswoman proudly serving the folks in Nevada's 3rd District. Bipartisan Leader. Education Advocate. Mom to two great kids.,True,28082,287,805,5129,560,2018-12-29 17:08:23,https://pbs.twimg.com/profile_images/1080861522061127680/PO_53d01_normal.jpg,True,False,en
#vaccinated https://t.co/SITkqoka03,2021-06-04 21:39:40,1400930275593383937,Joaquin Gonzalez,Number1Jg,1901294936,"Las Vegas, NV",https://t.co/0TgOZh8sUK,Follow my life and share in the moments. üåà üòÉüëçüèº RedLine Steel supporter/WWE Attitude Era lover. üëä,False,1992,4997,295522,96269,147,2013-09-24 17:59:07,https://pbs.twimg.com/profile_images/1393287973131612160/K9V6J-y0_normal.jpg,False,False,und
just realized it's back to smiling @ strangers again so not to offend them w my rbf #vaccinated,2021-06-04 21:36:54,1400929578625896448,Rachel Moore,rachelmoorektnv,25741022,"las vegas, nv",https://t.co/HYOKMwRntg,"news anchor, mmj, gamer, pro binge-watcher, blackjack card-counter, wannabe surfer, sports fan, globe trotter, uconn husky, famu rattler, 1908, lowercase lover",False,889,640,147,7107,29,2009-03-21 22:44:41,https://pbs.twimg.com/profile_images/1283881031406202886/lovRBSAj_normal.jpg,False,False,en
"RT @ClarkCountyNV: Join Cmsr. @JustinJonesNV and partners at @thelvballpark on Saturday, June 5th for a #COVID19 #Vaccine clinic. Book appo‚Ä¶",2021-06-04 19:50:17,1400902747273105411,Las Vegas Aviators,AviatorsLV,36725909,"Las Vegas, NV",https://t.co/tLrolbNwB9,"The Official Twitter of the Las Vegas Aviators, Triple-A Affiliate of the Oakland @Athletics. Fly with us @thelvballpark.",True,36716,139,6750,22133,720,2009-04-30 17:55:50,https://pbs.twimg.com/profile_images/1280039410319282176/VRDMqvky_normal.jpg,False,False,en
"RT @ClarkCountyNV: Join Cmsr. @JustinJonesNV and partners at @thelvballpark on Saturday, June 5th for a #COVID19 #Vaccine clinic. Book appo‚Ä¶",2021-06-04 19:42:17,1400900735223549954,Pete V. (PS Blowhole and Colbert Are Innocent!),neruda1968,14218824,Las Vegas,,"I don't care who none of you are Blah-blah-blah, you best to go rewrite your bars -Missy Elliott. Opinions are always my own. #UglyDogs #MomsDemandAction #Vegas",False,417,3214,313838,9944,3,2008-03-25 20:16:50,https://pbs.twimg.com/profile_images/721788292/Woody_Glamour_Shot_normal.jpg,False,False,en
"RT @ClarkCountyNV: Join Cmsr. @JustinJonesNV and partners at @thelvballpark on Saturday, June 5th for a #COVID19 #Vaccine clinic. Book appo‚Ä¶",2021-06-04 19:36:31,1400899285676294144,Las Vegas Locally üå¥,LasVegasLocally,1587143948,"Las Vegas, NV",,"Interesting, strange & useful stuff from the Vegas Valley ‚Äî DTLV to Henderson to The Strip.

üìß LasVegasLocally@gmail.com",False,128838,8661,378181,109413,858,2013-07-12 00:20:43,https://pbs.twimg.com/profile_images/880356840101470208/MHRfk3VL_normal.jpg,False,False,en
"RT @LVJolieBeth: Could someone please start an awesome vacation/cash prize drawing for all of us in the ""I got vaccinated in January and Fe‚Ä¶",2021-06-04 19:07:42,1400892030407094282,Juice,juice83272159,1209641268583829505,,,"President Obama, best President ever",False,26,30,1075,16232,0,2019-12-25 01:05:42,https://pbs.twimg.com/profile_images/1349144962890424322/_gFrRnpM_normal.jpg,True,False,en
"RT @ClarkCountyNV: Join Cmsr. @JustinJonesNV and partners at @thelvballpark on Saturday, June 5th for a #COVID19 #Vaccine clinic. Book appo‚Ä¶",2021-06-04 19:03:06,1400890876830699521,LVGal üò∑üíâ,VegasGal2000,268008431,,,Avid world traveler living in Vegas since 2000. Semi-retired. Previously worked in management consulting and gaming industry. MBA. #FactsMatter,False,285,439,19385,34869,1,2011-03-18 00:07:53,https://pbs.twimg.com/profile_images/1347267564829753345/VO9xQiIr_normal.jpg,True,False,en
"Join Cmsr. @JustinJonesNV and partners at @thelvballpark on Saturday, June 5th for a #COVID19 #Vaccine clinic. Book appointments at https://t.co/QCyIWz72Xh. Kids who get vaccinated can win prizes, including @AviatorsLV game tickets. There will also be on-field activities.

#Vegas https://t.co/8Zs05HhPsM",2021-06-04 19:00:00,1400890096405123076,Clark County Nevada,ClarkCountyNV,33601080,"Las Vegas, Nevada",https://t.co/U3etDcMuUq,"Jurisdiction over Las #Vegas Strip. Home to 2.4M. Visited by 45.6M/yr. 11th-largest US county, an area the size of NJ. RTs & Follows are NOT endorsements.",True,211316,98637,17149,28032,1086,2009-04-20 17:59:46,https://pbs.twimg.com/profile_images/1273304902647705606/GUOf4pEL_normal.jpg,False,False,en
"RT @ClarkCountyNV: Join Cmsr. @JustinJonesNV and partners at @thelvballpark on Saturday, June 5th for a #COVID19 #Vaccine clinic. Book appo‚Ä¶",2021-06-04 18:24:03,1400881048045510656,anne,blackapple314,1393635331954462720,,,,False,5,175,87,52,0,2021-05-15 18:32:31,https://pbs.twimg.com/profile_images/1393635644073648129/L6AI94kj_normal.jpg,True,False,en
"Could someone please start an awesome vacation/cash prize drawing for all of us in the ""I got vaccinated in January and February with no hesitation the minute I was eligible"" pool? This teacher could use a beach trip! #vaccinated",2021-06-04 18:23:24,1400880885998620672,Jolie Lindley,LVJolieBeth,49375265,Las Vegas,,"Educator, communications pro, creative, music lover, humanitarian. Grad of Butler U & IU. Hoosier turned Nevadan. Best soccer aunt! Opinionated for many years.",False,3187,3676,429148,85355,72,2009-06-21 17:46:41,https://pbs.twimg.com/profile_images/1380725398602883073/0eSU9ZiZ_normal.jpg,False,False,en
"Per CDC requirements, Boulder City Hospital continues to require masks for all patients, visitors and workers, regardless of whether or not individuals have been vaccinated.
To book your appointment go to https://t.co/FcpHXUisUn 
#vaccine #vaxup #getvaxxedNV #bchcares #bchnv https://t.co/0hTtwW7lab",2021-06-04 17:58:40,1400874661580357633,BoulderCityHospital,Hospital_BC,4447085900,"Boulder City, NV",https://t.co/o2pr3do2mT,"Boulder City Hospital is a nonprofit, multi-program, rural, critical access hospital, located in Boulder City, Nevada.",False,121,104,307,1951,14,2015-12-04 00:00:31,https://pbs.twimg.com/profile_images/1303679610622586882/QjwT6nxF_normal.jpg,False,False,en
"Smith‚Äôs Food &amp; Drug, as part of Kroger Health, Kicks Off $5 Million #CommunityImmunity #Giveaway https://t.co/FXm9m2s06m by @Vegaspublicity_ @MySmithsGrocery @kroger #health #Giveaway #healthcare #health #wellness #covid19vaccines #vaccination #pharmacy #smiths #kroger #covid https://t.co/0raOCK4MMu",2021-06-04 17:57:25,1400874344050413569,VegasPublicity.com,VegasPublicity_,1289833508249075712,Las Vegas,https://t.co/F14N4qK2Gh,Las Vegas news published by Bryan Eggers - Press releases to: VegasPublicity.com@gmail.com #hotels #casinos #gaming #sports #entertainment #vegas #news #Raiders,False,918,2085,931,1245,5,2020-08-02 08:03:21,https://pbs.twimg.com/profile_images/1303249951367950336/E5VdDjFw_normal.jpg,True,False,en
# 2 üíâüôèüèæ #pfizer @ CVS Pharmacy https://t.co/EmhmLoHbp6,2021-06-04 17:13:47,1400863365153579014,Mister Q,MISTERQG,17285387,Las Vegas,,"mellow, hard working, family oriented, humble black man. God first. #Detroit native #Vegas #Navy #Knicks #Tigers #NYG #UNLV LOVE MY SONS. Snapchat, IG: MISTERQG",False,909,2410,4855,55307,29,2008-11-10 11:58:10,https://pbs.twimg.com/profile_images/1274718420009840641/rYqfoET1_normal.jpg,False,False,en
# 2 üíâ #vaccinated #PfizerVaccine https://t.co/XSguhbJzlI,2021-06-04 17:10:36,1400862564456615940,Mister Q,MISTERQG,17285387,Las Vegas,,"mellow, hard working, family oriented, humble black man. God first. #Detroit native #Vegas #Navy #Knicks #Tigers #NYG #UNLV LOVE MY SONS. Snapchat, IG: MISTERQG",False,909,2410,4855,55307,29,2008-11-10 11:58:10,https://pbs.twimg.com/profile_images/1274718420009840641/rYqfoET1_normal.jpg,False,False,und
"#vaccinated üíâ (at @CVSpharmacy in North Las Vegas, NV) https://t.co/I2zA2ndEJ6",2021-06-04 16:49:59,1400857376815779841,Mister Q,MISTERQG,17285387,Las Vegas,,"mellow, hard working, family oriented, humble black man. God first. #Detroit native #Vegas #Navy #Knicks #Tigers #NYG #UNLV LOVE MY SONS. Snapchat, IG: MISTERQG",False,909,2410,4855,55307,29,2008-11-10 11:58:10,https://pbs.twimg.com/profile_images/1274718420009840641/rYqfoET1_normal.jpg,False,False,en
#GetVaccinated https://t.co/7sE3MkdJ9c,2021-06-04 15:36:09,1400838795382063109,‚öæÔ∏èPaulaüêæüêæüò∑¬≥¬≥¬∫¬π,FabulousLVNV,329925175,"Las Vegas, NV",https://t.co/1sR0EqOv1x,"üññüèºTrekkie, X Files, Fringeüññüèº üá∫üá∏ üá≤üáΩ üá®üá¶ üáµüá∑ #FightInjustice #DACA #ACA #LGBTQally #Science #Education #BlackLivesMatter #StopAsianHate",False,14281,14400,134101,124758,8,2011-07-05 20:44:19,https://pbs.twimg.com/profile_images/1349029127563612161/kFF6dJ_y_normal.jpg,False,False,und
"In March 2020, I was upset at the idea that my birthday would be during the pandemic. I had no idea then that it would be 2 birthdays! Today, my birthday wish is for everyone (who can) to #GetVaccinated. Here's hoping this is my last #COVID19 birthday üéâüéâüéâ",2021-06-04 15:33:56,1400838235194945537,Dr. Emma Frances Bloomfield,drefb1,1072188111625568257,"Las Vegas, NV",https://t.co/rytIgWpwpC,"Assistant Professor - UNLV; Environmental & Science Communication, #teamrhetoric; I tweet about climate, academia, food I make, and my cats (she/her/hers)",False,876,1176,15001,2120,8,2018-12-10 17:55:40,https://pbs.twimg.com/profile_images/1250098700296175618/S-7T9ZM4_normal.jpg,True,False,en
"Agradecemos la visita de la C√≥nsul de Comunidades @lourdesorestano de @ConsulMexLvn a nuestras ""Tardes de Vacunas Covid19""
Gracias por su apoyo. 
#COVIDVaccination #Covidvaccine #VacunaCOVID19 https://t.co/Nv2NnSqz3i",2021-06-04 15:23:43,1400835665869238282,Reachlvorg,reachlvorg,1182302901990912000,"Las Vegas, NV",https://t.co/0DCt5CjbKY,Organizaci√≥n sin fines de lucro que provee referencias y servicios de salud gratuitos para la comunidad en general en el estado de Nevada,False,163,76,208,493,0,2019-10-10 14:32:52,https://pbs.twimg.com/profile_images/1260940187615391747/cesNr5Q1_normal.jpg,True,False,es
"Public Health Solutions is offering assistance w/ #COVID-19 Vaccine implementation 

üëâüèΩHelp the community and benefit financially 

üëâüèΩVaccine reimbursement rates are high &amp; vaccine is no cost 

#Peds #MedTwitter #TwitteRx #CovidVaccine https://t.co/bnx2u5KrSi",2021-06-04 14:37:29,1400824028240125952,ThePublicHealthPharmacist,PublicHealthRx,1191041848099266560,"Las Vegas, NV",https://t.co/QeNR13udv5,"Founder and CEO, The Public Health Pharmacist, PLLC | Healthcare Media Contributor | Business Consultant | Keynote Speaker | Leader |",False,406,396,2269,921,3,2019-11-03 17:18:54,https://pbs.twimg.com/profile_images/1370789500587102208/AVi5nA9s_normal.jpg,True,False,en
"Now playing JoJo Ft. Chika - Sabotage
Listen here: https://t.co/uFGPgbsd9V #UFO #CoverUp #Vaccine #Islam. #UmmBadrAfrica #AljafrAfrica. Please tune in later today to The Sister Rita X Show from 4pm to 6pm pst on Trumpet X Radio Show.",2021-06-04 13:54:31,1400813218579238915,Trumpet X Radio,RadioTrumpet,1035948674986074112,"Las Vegas, NV",https://t.co/MLWtyGLZi0,"Trumpet X Radio Music, Talk Radio, And More. Purchase Advertisement Slots and/or Donate to Trumpet X Radio below. @TrumpetXent1 @RecordsTrumpetX @SisterRitaX13",False,358,4,258,659,0,2018-09-01 17:53:05,https://pbs.twimg.com/profile_images/1035956070622015493/_XHXF2D2_normal.jpg,True,False,en
"RT @4GTalkTextData: There are no free passes on Judgement Day!
#Vaccine #CrimesAgainstHumanity #HealthcareWorkers https://t.co/M1gKXbSXDk",2021-06-04 13:13:11,1400802816277377027,ThorWarrior,4GTalkTextData,937732934,"Las Vegas, NV",https://t.co/bFidE7p2zK,"I identify as an American patriot!

This is an old account I abandoned years ago. My other two accounts were deleted by Twitter.",False,803,336,2154,12895,29,2012-11-09 20:51:06,https://pbs.twimg.com/profile_images/1383557667449233411/D_wUWpWO_normal.jpg,True,False,en
"RT @4GTalkTextData: Ask your doctor to...

The answer may have you thinking...Is my doctor woefully ignorant, or willfully evil? Either way‚Ä¶",2021-06-04 13:09:42,1400801939219046402,ThorWarrior,4GTalkTextData,937732934,"Las Vegas, NV",https://t.co/bFidE7p2zK,"I identify as an American patriot!

This is an old account I abandoned years ago. My other two accounts were deleted by Twitter.",False,803,336,2154,12895,29,2012-11-09 20:51:06,https://pbs.twimg.com/profile_images/1383557667449233411/D_wUWpWO_normal.jpg,True,False,en
"Oh look... there's a world that exists outside of my home 
#QuarantineLife #vaccinated https://t.co/e7a7uUqMJx",2021-06-04 04:17:53,1400668103365648385,Heather,heatherferris,149567233,"Las Vegas, NV",https://t.co/cFIQG56AyX,"Due to evolution & the small changes in our DNA over time, we are all technically mutants #IWantCoolerSuperPowers",False,6428,7041,5577,2482,28,2010-05-29 16:31:33,https://pbs.twimg.com/profile_images/1146422933167857664/7PyflQfy_normal.png,True,False,en
üáµüá≠ #GetVaccinated https://t.co/8fjt5uWR7z,2021-06-04 01:16:00,1400622329604890628,Tony Shappy üáµüá≠üá∫üá∏,TonyShappy,177900605,Las Vegas NV & Angeles City PH,https://t.co/zfIl4emx7N,"A Filipino Harley Rider of Las Vegas NV. & Angeles City PH. I Tweet & RT Opinions, Views, & The News...",False,1232,349,44502,90471,74,2010-08-13 10:20:25,https://pbs.twimg.com/profile_images/1363017285393285122/etNudSYw_normal.jpg,False,False,und
"The CDC announced vaccinated people can now go maskless in most situations. Here‚Äôs what you can do now if you‚Äôre vaccinated:

#ARCpointLabs #COVID19 #COVIDVaccine #COVID19Vaccine https://t.co/JGIzSyddlO",2021-06-04 00:30:00,1400610753221103616,ARCpoint Las Vegas,ARCpointVegas,4710535573,"Las Vegas, NV",https://t.co/jeuEJ3L3S7,"Specializing in discreet Drug, Alcohol, DNA, & DOT Testing & wellness services for businesses & individuals, including telehealth & pharmacogenetics.",False,1,0,0,225,0,2016-01-04 21:33:08,https://pbs.twimg.com/profile_images/684126105259802624/RAGyMJKD_normal.jpg,True,False,en
#GetVaccinated https://t.co/QamNYsZSiw,2021-06-03 23:47:01,1400599938732466189,CheekyMaru üò∑üíâ‚úåüèº‚ú®,AJDMaru,1385193146,"Las Vegas, NV",https://t.co/VevkjTp4SR,I‚Äôm so sure üôÑ #AlwaysWithHer #Kamala2024 #VoteBlue #WearAMask #GetVaccinated,False,6710,6709,382283,143145,6,2013-04-27 18:36:32,https://pbs.twimg.com/profile_images/1400200063154999300/u7eeYgLz_normal.jpg,False,False,und
"For those who won‚Äôt get #vaccinated you needs to get FACTSinated. 

#factsinated https://t.co/eqktgCwWyz",2021-06-03 20:09:07,1400545100388724736,Drunkle Spence,Spencetology,713705226,"Southie, The Summerlin South",https://t.co/SCKErF0qbw,Purveyor of the finest radio - Air Talent / Producer / Writer / Video - Vegas. Get some now - https://t.co/tCZjKKeStF // #VegasBorn until the day I #VegasDie,False,4263,808,8724,21282,44,2012-07-24 04:56:46,https://pbs.twimg.com/profile_images/1399862823551836160/hWH8WqyA_normal.jpg,False,False,en
Our students not only help the community but have doing it!  What a great shot by a great photographer.  #WeareTouro @DOSATUN #Vaccine #LasVegas https://t.co/oCfmpMW21y,2021-06-03 20:08:21,1400544909384241155,Cathy,cat22777,50134568,"Henderson, NV",,Director of Student Involvement at Touro University & dog lover. Golden Knights STH repping sec 218. Lifelong Red Wings fan #Vegasborn  (thoughts are my own).,False,173,203,9317,4911,4,2009-06-23 23:10:17,https://pbs.twimg.com/profile_images/1268168330310893568/Y3yzbHDz_normal.jpg,False,False,en
"Kudos !!! üëèüèºüëèüèºüëèüèºüëèüèº
#GetVaccinated 

https://t.co/0SJUWfW1WQ",2021-06-03 19:30:37,1400535411756204033,Tony Shappy üáµüá≠üá∫üá∏,TonyShappy,177900605,Las Vegas NV & Angeles City PH,https://t.co/zfIl4emx7N,"A Filipino Harley Rider of Las Vegas NV. & Angeles City PH. I Tweet & RT Opinions, Views, & The News...",False,1232,349,44502,90471,74,2010-08-13 10:20:25,https://pbs.twimg.com/profile_images/1363017285393285122/etNudSYw_normal.jpg,False,False,es
Impromptu communal jamming out to En Vogue with strangers at Target is something I didn‚Äôt realize how much I missed! #GetVaccinated,2021-06-03 18:35:51,1400521630095400964,nakamachirabu,nakamachirabu,244621034,Las Vegas,,https://t.co/C9QCHpMJGe she/her,False,180,907,75328,28551,2,2011-01-29 18:51:46,https://pbs.twimg.com/profile_images/1360833910356123654/BpLvKtNu_normal.jpg,False,False,en
#GetVaccinated https://t.co/Yg7K8GPZhg,2021-06-03 16:12:23,1400485523903315969,‚öæÔ∏èPaulaüêæüêæüò∑¬≥¬≥¬∫¬π,FabulousLVNV,329925175,"Las Vegas, NV",https://t.co/1sR0EqOv1x,"üññüèºTrekkie, X Files, Fringeüññüèº üá∫üá∏ üá≤üáΩ üá®üá¶ üáµüá∑ #FightInjustice #DACA #ACA #LGBTQally #Science #Education #BlackLivesMatter #StopAsianHate",False,14281,14400,134101,124758,8,2011-07-05 20:44:19,https://pbs.twimg.com/profile_images/1349029127563612161/kFF6dJ_y_normal.jpg,False,False,und
"In a blatant attempt to boost sales, #Moderna and the #elitemedia spin #COVID19 horror story in order to incite fear around the globe.
https://t.co/cKg2JBth5Y",2021-06-03 15:30:07,1400474888914223111,Grant David Gillham,CaptG2,216069324,"Las Vegas, NV",https://t.co/Y0U2ejdvl7,"Corporate strategist, conservationist, writer, director, producer. Media resource. Tulane University grad, USAF pilot.",False,339,0,303,16221,8,2010-11-15 18:25:18,https://pbs.twimg.com/profile_images/1251994389158588416/cLeTrALz_normal.jpg,False,False,en
"RT @theIOpod: If the #vaccine made breasts or dicks smaller do you think people would still get it? Obviously heart issues, blood clots &amp; o‚Ä¶",2021-06-03 08:21:07,1400366928254939136,President-Elect DanarQlisticDude,danarcholistic,1230086805137039360,,,"Taxation is theft and government is a corrupted and failed idea.

The future is either Orwellian, or de-centralized, take a pick.",False,195,610,7349,5476,2,2020-02-19 11:08:58,https://pbs.twimg.com/profile_images/1230086986783973377/NJxOATky_normal.jpg,True,False,en
"RT @trojancowboy: Jab Causes Teenager Heart Problems (TFW)  The #jab causes blood clots, strokes, heart attacks, and skin rashes. Test the‚Ä¶",2021-06-03 08:15:49,1400365594193448962,Tweeter,Trump2038583038,1388962288686690304,,,"California; ‚ÄúDiscipline is choosing between what you want now, and what you want most.‚Äù - Abraham Lincoln",False,387,1861,3279,2849,0,2021-05-02 21:03:36,https://pbs.twimg.com/profile_images/1399474114457313280/Lgj1kGNO_normal.jpg,True,False,en
"#VegasMeansBusiness
üëáüèº
#GetVaccinated 

 https://t.co/CkkZ4P14bZ",2021-06-03 07:36:02,1400355581404205056,Tony Shappy üáµüá≠üá∫üá∏,TonyShappy,177900605,Las Vegas NV & Angeles City PH,https://t.co/zfIl4emx7N,"A Filipino Harley Rider of Las Vegas NV. & Angeles City PH. I Tweet & RT Opinions, Views, & The News...",False,1232,349,44502,90471,74,2010-08-13 10:20:25,https://pbs.twimg.com/profile_images/1363017285393285122/etNudSYw_normal.jpg,False,False,und
"RT @Loffredo23: @POTUS @WHCOS @VP @US_FDA 
When is the US going to look into approving the ocugen vaccine ?

I have not received the shot f‚Ä¶",2021-06-03 05:15:27,1400320200218595329,Mbshorty1,Mbshorty11,1315946758934073345,,,Stocks,False,2,22,613,475,0,2020-10-13 09:27:22,https://abs.twimg.com/sticky/default_profile_images/default_profile_normal.png,True,True,en
"We have to offer money, alcohol, toys, candy and placating to get people to take a life saving vaccine.

This is the side effect of US propaganda and corporate lobbying to keep the people ignorant and dumb. 

#COVID #USA #UnitedStates #vaccine #education",2021-06-03 04:19:00,1400305995008462848,Paul Theadra,PaulTStockwell,18452834,"Las Vegas, NV",,"Music brings love¬†to¬†a world of malevolence, and hope¬†to an adrift existence",False,201,983,47355,6240,2,2008-12-29 16:32:08,https://pbs.twimg.com/profile_images/1172688617271169025/E7MQu-oX_normal.jpg,False,False,en
"@POTUS @WHCOS @VP @US_FDA 
When is the US going to look into approving the ocugen vaccine ?

I have not received the shot from Pfizer or moderna because I do not trust the mRNA.  The ocugen shot does not have mRNA and is like the booster shots I received as a kid. 
#vaccine #cdc",2021-06-03 03:52:41,1400299371317497860,Jonathan,Loffredo23,259006223,"Las Vegas, NV",,"Financial Data Sales, Political Enthusiast, Blogger, Basketball Player, Backyard Wrestling Champion.",False,70,409,794,911,1,2011-02-28 23:46:14,https://pbs.twimg.com/profile_images/3105747161/f549f63da0c21ac1efc62c371bd8e4ba_normal.jpeg,True,False,en
"RT @theIOpod: If the #vaccine made breasts or dicks smaller do you think people would still get it? Obviously heart issues, blood clots &amp; o‚Ä¶",2021-06-03 03:46:53,1400297912068808704,Sarfaraz¬Æ ¬©,beingFaraz80,2934541423, GLOBAL CITIZEN,,I am a Muslim & a MODI Bhakt | supports MODI & BJP | Currently Educating Muslims- Congress their Enemy No-1 | Modi not Anti-Muslim | Mission 2024- INC 54 to 0 |,False,1586,4559,5132,3166,3,2014-12-18 09:14:33,https://pbs.twimg.com/profile_images/1398866208225566723/4hcDT-BX_normal.jpg,False,False,en
"#vaccinated since February 8, 2021. Let's have some fun!",2021-06-03 03:46:14,1400297749749272576,Daria Kemp,auroranv13,3306539994,"Henderson, NV",https://t.co/nPJHj342Nk,My sister was the greatest person I will ever know. Period. The. End.,False,4435,4999,98369,67791,0,2015-08-05 04:24:35,https://pbs.twimg.com/profile_images/1152439310999703552/_Rxtf4Ia_normal.jpg,False,False,en
"RT @theIOpod: If the #vaccine made breasts or dicks smaller do you think people would still get it? Obviously heart issues, blood clots &amp; o‚Ä¶",2021-06-03 03:42:10,1400296728364998657,Sandra Knulst,mariusknulst,2853566099,Norway/The Netherlands,,"Soldier of God ‚úùÔ∏èüôèüòáüòé‚ô•Ô∏èüíû
JUST COVID RELATED BUSINESS IN MY DM. OR ELSE STAY AWAY üòé
NO FLIRTING OR BEGGING FOR MONEY. I WILL BLOCK YOU üëçüôè",False,6197,6427,49153,44393,18,2014-10-31 18:24:05,https://pbs.twimg.com/profile_images/1307387803161026570/teL1TaM2_normal.jpg,True,False,en
Felt great to be maskless in Target today. #vaccinated #notalyingPOS,2021-06-03 03:12:44,1400289317273030657,Sandra‚Ñ¢Ô∏è,sandraiscool09,92341735,"Las Vegas, NV",https://t.co/M0eN7hicS5,It might say I'm cool in '09 but the truth is I'm cool all the time. üòè #PJFamily ü§òüèª #SPNFamilyForever  #NOH8 üè≥Ô∏è‚Äçüåà #ABOLISHTHEELECTORALCOLLEGE,False,226,621,34444,18420,10,2009-11-24 19:12:24,https://pbs.twimg.com/profile_images/1014264402244141063/xRC6Vyg-_normal.jpg,False,False,en
"If the #vaccine made breasts or dicks smaller do you think people would still get it? Obviously heart issues, blood clots &amp; other side effects don't matter. So why would this? I mean #COVID is so deadly, right? So would they? They're changing sex these days anyway.  üòÇ",2021-06-03 02:54:24,1400284706625581056,The Independent Opinion,theIOpod,1273084537870958592,"Las Vegas, NV",https://t.co/resgJCkxGt,"A podcast made for the rational, open minded, independent free thinker.",False,215,181,623,998,1,2020-06-17 02:47:01,https://pbs.twimg.com/profile_images/1309380455469211648/QsvzU-rD_normal.jpg,True,False,en
@GeremyGentry Rockin that post COVID-19 vaccine relaxation while watching the Jazz game! #utahjazz #lesolsonit #vaccinated https://t.co/lNFxij9qMD,2021-06-03 02:50:39,1400283761816879109,Kristen Gentry,kristenr610,338428018,"St George, UT",,"I should list all the things I like but nobody is going to read this anyway, right?",False,82,144,346,1197,0,2011-07-19 15:30:19,https://pbs.twimg.com/profile_images/1339160140478558208/EmkNwtD5_normal.jpg,False,False,en
"Yum. #vegan coconut curry rice cakes, FTW at @momofukulasvegas

#travelingagain #vaccinated #hungry #firstbusinesstripinoverayear @ Momofuku LV https://t.co/KLl42nluBj",2021-06-03 01:14:24,1400259540042633220,Jeffrey Sass,sass,2066291,"Pre: 40.7553184,-73.980978",https://t.co/pVAypUZbM3,"Recovering Twitterholic. CMO/co-founder of .CLUB Domains, CMO https://t.co/PYzoIjIvNI.  Author of https://t.co/A7jY441qrK",False,8229,8606,1054,19190,439,2007-03-24 00:09:58,https://pbs.twimg.com/profile_images/1360958101143359493/x00KPDmD_normal.jpg,True,False,en
"This is what NATURAL SELECTION looks like. 

Why is it always the people throwing God around the ones not doing what God asks. 

Love thy neighbor!

By getting vaccinated, you are literally help your neighbor. You are protecting everyone who come in contact with.

#GetVaccinated https://t.co/x8CDpYtvAa https://t.co/Y0byHoqih0",2021-06-02 23:11:11,1400228533348093954,Glen Romero,random1s_,742570691535331328,"Las Vegas, NV",https://t.co/VjDnxihGXg,| Anything Horror / Paranormal / Extraterrestrial | Taunter | @ExtraLife4Kids |,False,179,130,6766,6024,1,2016-06-14 04:13:43,https://pbs.twimg.com/profile_images/1375165739733118985/q-m2LJQa_normal.jpg,True,False,en
"Jab Causes Teenager Heart Problems (TFW)  The #jab causes blood clots, strokes, heart attacks, and skin rashes. Test the #vaccine on #lawyers and #Democrats first. The inmates are running the asylum. @AnnCoulter #NoJab #NoJabForMe #JabForTheeNotMe

https://t.co/I9anUZ8BEa",2021-06-02 22:46:18,1400222267695525891,Donald E. Pauly,trojancowboy,1394902675,"Henderson, Nevada",https://t.co/qh85piDaJc,"I'm a switching power supplies engineer and a former USAF SAC E-4 Crypto Repairman. #Deplorable 
https://t.co/fQfDsp1x2M
https://t.co/Ni64Lcx7lN
 ◊î◊¢◊ë◊ï◊ì◊î ◊û◊©◊ó◊®◊®◊™",False,72,93,3036,3809,3,2013-05-01 15:24:40,https://pbs.twimg.com/profile_images/3740948027/c57fceae17258de21bc4218b949ab493_normal.jpeg,True,False,en
"RT @LasVegasFD: This week‚Äôs POP up vaccination event at
@LasVegasFD FIRE STATION 5.  1020 Hinson St. (see map)
Hinson St just off W Charles‚Ä¶",2021-06-02 22:16:20,1400214728887001094,x-Michael BLUE,Michael06507362,883198186130554881,"Las Vegas, NV",,"old man, #VGK hockey, NASCAR, FOOTBALL(American)  hunting,fishing,camping,outdoors,     stars,space,science,and I'm a liberal. #Resistance üåä Bit of a Smart Ass",False,1044,1890,82291,26332,4,2017-07-07 05:37:11,https://pbs.twimg.com/profile_images/1366604237547835402/2SGjDDNH_normal.jpg,True,False,en
"RT @LasVegasFD: This week‚Äôs POP up vaccination event at
@LasVegasFD FIRE STATION 5.  1020 Hinson St. (see map)
Hinson St just off W Charles‚Ä¶",2021-06-02 22:13:57,1400214130007621633,Judy Is On The Move,BorisovJudy,1335579876510887937,"Currently STL, Vegas Bound",,"Sisyphean myth buster. Weather geek. ‚ù§Ô∏è in DC, Albuquerque, and Oahu, y con David y Riley #beagle, siempre.",False,58,829,2359,409,0,2020-12-06 13:41:25,https://pbs.twimg.com/profile_images/1392984759589122054/CEIZngeg_normal.jpg,True,False,en
"RT @LasVegasFD: This week‚Äôs POP up vaccination event at
@LasVegasFD FIRE STATION 5.  1020 Hinson St. (see map)
Hinson St just off W Charles‚Ä¶",2021-06-02 22:13:39,1400214053138489346,Las Vegas CFA,LasVegasCFA,583914180,,,Citizens Fire Academy / Fire Corps Program / CFA Alumni Assn of Las Vegas Fire & Rescue Ph: 702-229-0146 cfa@LasVegasNevada.gov,False,1526,16,1986,21657,43,2012-05-18 14:01:20,https://pbs.twimg.com/profile_images/2229174212/FireSeal-CitizensAcademy_normal.JPG,True,False,en
"RT @LasVegasFD: This week‚Äôs POP up vaccination event at
@LasVegasFD FIRE STATION 5.  1020 Hinson St. (see map)
Hinson St just off W Charles‚Ä¶",2021-06-02 22:13:14,1400213948775817216,Tim Szymanski,firepeio,165247523,"Las Vegas, Nevada, USA",https://t.co/8u8o6HNmUu,"Advanced PIO & Master Fire Service Instructor. 50 yrs on the job, Tweets are my own. Las Vegas, Atlanta, Cleveland KF7PIO",False,2591,249,8537,41629,102,2010-07-11 01:39:05,https://pbs.twimg.com/profile_images/1332538983180427264/4yLNjHLt_normal.jpg,False,False,en
"RT @LasVegasFD: This week‚Äôs POP up vaccination event at
@LasVegasFD FIRE STATION 5.  1020 Hinson St. (see map)
Hinson St just off W Charles‚Ä¶",2021-06-02 22:13:03,1400213901250236417,Bobby X,CasablancaRic,2680411430,Someone Lost Along The Way,,"‚ÄúKeep your fears to yourself, but share your courage with others.‚Äù 
‚Äï Robert Louis Stevenson",False,3628,5000,453836,445756,2,2014-07-25 20:28:01,https://pbs.twimg.com/profile_images/914642942349819904/uvmfdYab_normal.jpg,True,False,en
"This week‚Äôs POP up vaccination event at
@LasVegasFD FIRE STATION 5.  1020 Hinson St. (see map)
Hinson St just off W Charleston Bl next to Elks Club
TODAY 4 - 8PM
You can make appointments on https://t.co/MyCYL8Tibu
Walk ups welcome
Pfizer/J&amp;J event
#GetVaccinated https://t.co/sLtYZNDTZz",2021-06-02 22:12:03,1400213648069435393,Las Vegas FireRescue,LasVegasFD,372864877,"Las Vegas, Nevada USA",https://t.co/s1SYRj1XnX,Official information from Las Vegas Fire & Rescue Public Information Officer PIO1 (@firepeio) w/ @CityofLasVegas. Official LVFR Facebook: LasVegasFD,True,34572,9,4776,43173,510,2011-09-13 15:21:12,https://pbs.twimg.com/profile_images/1024028968742150150/H2gb52Z3_normal.jpg,False,False,en
"üëéüèº NOPE 
#GetVaccinated https://t.co/WQnl8HMk9d",2021-06-02 21:36:02,1400204583901687809,Tony Shappy üáµüá≠üá∫üá∏,TonyShappy,177900605,Las Vegas NV & Angeles City PH,https://t.co/zfIl4emx7N,"A Filipino Harley Rider of Las Vegas NV. & Angeles City PH. I Tweet & RT Opinions, Views, & The News...",False,1232,349,44502,90471,74,2010-08-13 10:20:25,https://pbs.twimg.com/profile_images/1363017285393285122/etNudSYw_normal.jpg,False,False,en
RT @ADevotedYogi: @LEAD_Coalition @JETAR9 @W_Angels_Wings @KlatuBaradaNiko @Helenhs @intenseCA @barbiesway @TheTwinPowers @michaeldean0116‚Ä¶,2021-06-02 21:21:52,1400201019552718848,A Devoted Yogi,ADevotedYogi,612931307,"fabulous Las Vegas, NV",https://t.co/Hiv9jMm6JE,"Ayurvedic Living, Life Enthusiast, Functional Nutrition, Longevity.
 Also Observations & a commentary on current events.
https://t.co/fSmuYMuxvM
cryptos",False,335450,88013,164662,235826,2644,2012-06-19 23:00:26,https://pbs.twimg.com/profile_images/905507149865828352/z9PAficQ_normal.jpg,False,False,en
RT @ADevotedYogi: @LEAD_Coalition @JETAR9 @W_Angels_Wings @KlatuBaradaNiko @Helenhs @intenseCA @barbiesway @TheTwinPowers @michaeldean0116‚Ä¶,2021-06-02 21:21:48,1400201004897816579,A Devoted Yogi,ADevotedYogi,612931307,"fabulous Las Vegas, NV",https://t.co/Hiv9jMm6JE,"Ayurvedic Living, Life Enthusiast, Functional Nutrition, Longevity.
 Also Observations & a commentary on current events.
https://t.co/fSmuYMuxvM
cryptos",False,335450,88013,164662,235826,2644,2012-06-19 23:00:26,https://pbs.twimg.com/profile_images/905507149865828352/z9PAficQ_normal.jpg,False,False,en
"RT @ClarkCountyNV: Join Cmsr. @JustinJonesNV and partners at @thelvballpark on Saturday, June 5th for a #COVID19 #Vaccine clinic. Book appo‚Ä¶",2021-06-02 21:18:24,1400200148676878336,Billy,BSentigar,729399260,"Las Vegas, Nevada ",,"Off-Road Race Fan, Husband, Father, Grandfather, I take pictures and video of things I like! #TeamChambliss #RedBull #JeepMafia",False,3616,3564,224594,107366,149,2012-07-31 22:36:46,https://pbs.twimg.com/profile_images/801109255923240960/b9lUwUcA_normal.jpg,True,False,en
"RT @ClarkCountyNV: Join Cmsr. @JustinJonesNV and partners at @thelvballpark on Saturday, June 5th for a #COVID19 #Vaccine clinic. Book appo‚Ä¶",2021-06-02 20:46:26,1400192102177206274,BacktoLifeSNV,backtolifeSNV,1369769034523303942,"Clark County, NV",https://t.co/wCgFJi7w5B,"It‚Äôs time to take your shot, so we can beat COVID-19 and get back to life.",False,56,124,93,163,0,2021-03-10 21:56:08,https://pbs.twimg.com/profile_images/1372908423793287172/BfTfR2eC_normal.jpg,True,False,en
"RT @fabiandonate: In Nevada, we just passed a bill that will require the majority of employers to give you paid time off to go and get your‚Ä¶",2021-06-02 20:37:03,1400189740989648897,Fenix Scot üß©üåà ü¶ã,scotandsoda,26978863,Outer Space,https://t.co/jm1lygUAX8,"""We are living through a revolt against the future. The future will prevail."" - Anand Giridharadas",False,944,320,35415,11372,14,2009-03-27 10:00:19,https://pbs.twimg.com/profile_images/1394486301013938180/NYncHKVK_normal.jpg,True,False,en
"RT @ClarkCountyNV: Join Cmsr. @JustinJonesNV and partners at @thelvballpark on Saturday, June 5th for a #COVID19 #Vaccine clinic. Book appo‚Ä¶",2021-06-02 20:07:19,1400182258393178113,Michelle White,MickyWhiteNV,39845278,"Nevada, USA",,"My heart belongs to my family + the great state of NV. I also like Boston sports, the Golden Knights & Market Basket. Chief of Staff to @GovSisolak.",False,9736,2665,84962,24391,136,2009-05-13 21:47:36,https://pbs.twimg.com/profile_images/1324537384516481024/ehVexA1Z_normal.jpg,False,False,en
"‚Å¶@POTUS‚Å© touts incentives, pleads with Americans to get vaccinated against COVID-19 - so why did my wife, who has an IUD, get her period after the #vaccine ? She hasn‚Äôt had one in 10 years. Science? #chinalied https://t.co/7VDkVfOXZC",2021-06-02 20:05:57,1400181913910865926,RMM Jr.,JohnLawNV,1056989419922575360,"Las Vegas, NV",,Prejudice always obscures the truth. Sir/Lt.Col/Dude / I am Breitbart. My mom says I‚Äôm handsome.,False,48,241,6542,5975,1,2018-10-29 19:21:30,https://pbs.twimg.com/profile_images/1326568521128501248/CnBjshIr_normal.jpg,True,False,en
"RT @ClarkCountyNV: Join Cmsr. @JustinJonesNV and partners at @thelvballpark on Saturday, June 5th for a #COVID19 #Vaccine clinic. Book appo‚Ä¶",2021-06-02 20:04:53,1400181645731192832,Las Vegas Aviators,AviatorsLV,36725909,"Las Vegas, NV",https://t.co/tLrolbNwB9,"The Official Twitter of the Las Vegas Aviators, Triple-A Affiliate of the Oakland @Athletics. Fly with us @thelvballpark.",True,36716,139,6750,22133,720,2009-04-30 17:55:50,https://pbs.twimg.com/profile_images/1280039410319282176/VRDMqvky_normal.jpg,False,False,en
"Today's Reading List:

This doesn't really have anything to do with Covenant. I just think everyone should see this video on #AndrewWakefield by @Hbomberguy.

https://t.co/e2pUREEnxW

#Vaccine #Antivaxxer #COVID19",2021-06-02 19:30:07,1400172898820755457,Radio Free Covenant - Playtest Rules Are Out Now!,radiofreecoven1,1141593531498151936,"Las Vegas, NV",https://t.co/gmnTUmXdKx,We're writing the #TTRPG Covenant and #urbanfantasy #novel Crossing the Line. Discord: https://t.co/Rl0GxA887Q . Patreon: https://t.co/1u7O9TjekG,False,1453,3603,5670,5481,6,2019-06-20 06:28:02,https://pbs.twimg.com/profile_images/1141595747189575680/DZwZIiVU_normal.png,False,False,en
"Join Cmsr. @JustinJonesNV and partners at @thelvballpark on Saturday, June 5th for a #COVID19 #Vaccine clinic. Book appointments at https://t.co/vPVlEPqN3C. Kids who get vaccinated can win prizes, including @AviatorsLV game tickets. There will also be on-field activities.

#Vegas https://t.co/MsAw3oyHzj",2021-06-02 19:21:22,1400170697591197696,Clark County Nevada,ClarkCountyNV,33601080,"Las Vegas, Nevada",https://t.co/U3etDcMuUq,"Jurisdiction over Las #Vegas Strip. Home to 2.4M. Visited by 45.6M/yr. 11th-largest US county, an area the size of NJ. RTs & Follows are NOT endorsements.",True,211316,98637,17149,28032,1086,2009-04-20 17:59:46,https://pbs.twimg.com/profile_images/1273304902647705606/GUOf4pEL_normal.jpg,False,False,en
RT @ClarkCountyNV: Thanks to @Walmart for hosting a #COVID19 #Vaccine clinic with extended hours at Centro Cristiano El Shaddai Church (207‚Ä¶,2021-06-02 19:08:22,1400167423924391937,Bixtra,Bixtra,53463902,Canada,https://t.co/HoQRq5waIP,Webmaster,False,1636,1311,15466,57712,46,2009-07-03 18:45:58,https://pbs.twimg.com/profile_images/1244627866840489984/i_N7rCMe_normal.jpg,False,False,en
"#July4thChallenge 
Declaring independence from #COViD19 by July 4
#GetVaccinated üëáüèº https://t.co/ArcocZz7mr",2021-06-02 18:26:23,1400156857331687431,Tony Shappy üáµüá≠üá∫üá∏,TonyShappy,177900605,Las Vegas NV & Angeles City PH,https://t.co/zfIl4emx7N,"A Filipino Harley Rider of Las Vegas NV. & Angeles City PH. I Tweet & RT Opinions, Views, & The News...",False,1232,349,44502,90471,74,2010-08-13 10:20:25,https://pbs.twimg.com/profile_images/1363017285393285122/etNudSYw_normal.jpg,False,False,en
"In Nevada, we just passed a bill that will require the majority of employers to give you paid time off to go and get your COVID-19 vaccine. 

#GetVaccinated, y‚Äôall! https://t.co/8og4mUIDhW",2021-06-02 18:04:52,1400151444951494657,Fabian Do√±ate,fabiandonate,524975106,"Las Vegas, NV",https://t.co/AzosgLwFk6,"Nevada State Senator representing District 10, luchando por la salud y justicia, proud @UNLV and @UOfMaryland alum, #GoKnightsGo, he/him, views are my own.",False,2292,1459,33842,4162,0,2012-03-15 03:04:41,https://pbs.twimg.com/profile_images/1350003877483986945/RCyZ3I-s_normal.jpg,False,False,en
"#July4thChallenge 
Declaring independence from #COVID19 
#GetVaccinated https://t.co/9yvhHMCru1",2021-06-02 17:59:27,1400150080473108482,Tony Shappy üáµüá≠üá∫üá∏,TonyShappy,177900605,Las Vegas NV & Angeles City PH,https://t.co/zfIl4emx7N,"A Filipino Harley Rider of Las Vegas NV. & Angeles City PH. I Tweet & RT Opinions, Views, & The News...",False,1232,349,44502,90471,74,2010-08-13 10:20:25,https://pbs.twimg.com/profile_images/1363017285393285122/etNudSYw_normal.jpg,False,False,en
RT @LiberalsLeaving: Why does the general public need incentives and come-ons if the #Covid19 #Vaccine is so safe? Why would Budweiser beer‚Ä¶,2021-06-02 17:58:51,1400149931940265984,pauls nyc via FLAüïÜüá∫üá∏üïä,pauls_nyc,834248645096644608,"New York, USA",,"DO NOT FOLLOW UNLESS YOU LIKE MY POSTS OR FIND INTERESTING.
Will save time from you getting offended and having to unFollow.
I Do not necessarily Follow back.",False,337,214,59138,87582,2,2017-02-22 03:49:11,https://pbs.twimg.com/profile_images/1263242708728020993/_jcwZ1-E_normal.jpg,True,False,en
#GetVaccinated https://t.co/9yvhHMCru1,2021-06-02 17:58:03,1400149729065922567,Tony Shappy üáµüá≠üá∫üá∏,TonyShappy,177900605,Las Vegas NV & Angeles City PH,https://t.co/zfIl4emx7N,"A Filipino Harley Rider of Las Vegas NV. & Angeles City PH. I Tweet & RT Opinions, Views, & The News...",False,1232,349,44502,90471,74,2010-08-13 10:20:25,https://pbs.twimg.com/profile_images/1363017285393285122/etNudSYw_normal.jpg,False,False,und
#GetVaccinated https://t.co/PGGsDcHiPw,2021-06-02 17:57:09,1400149504209211394,Tony Shappy üáµüá≠üá∫üá∏,TonyShappy,177900605,Las Vegas NV & Angeles City PH,https://t.co/zfIl4emx7N,"A Filipino Harley Rider of Las Vegas NV. & Angeles City PH. I Tweet & RT Opinions, Views, & The News...",False,1232,349,44502,90471,74,2010-08-13 10:20:25,https://pbs.twimg.com/profile_images/1363017285393285122/etNudSYw_normal.jpg,False,False,und
"Why does the general public need incentives and come-ons if the #Covid19 #Vaccine is so safe? Why would Budweiser beer do this? Serious question, WHY? Gimmicks like this make me more skeptical of the REAL purpose of #vaccinated. Ask Bill Gates about that.

https://t.co/cZSiqHR39r",2021-06-02 17:02:46,1400135815615766531,Liberals Leaving,LiberalsLeaving,731292058283974656,"Las Vegas, NV",,#Liberals are mentally-ill lying hypocrites and frauds. Wouldnt it be great if they all just left the country like they promised to once #Trump was elected?,False,2450,3041,140,5230,8,2016-05-14 01:16:28,https://pbs.twimg.com/profile_images/731292201238433793/i-hiyRNq_normal.jpg,True,False,en
RT @ClarkCountyNV: #COVID19 update: Here is the #vaccine location list in Las #Vegas and #ClarkCounty for this week. A number of neighborho‚Ä¶,2021-06-02 16:52:47,1400133302258864128,Tanya Flanagan,Tanya_Flanagan,30919128,"Las Vegas, NV",https://t.co/jzUIaNLMBw,"Committed to equality! Energized, community-minded, savvy, dedicated to cultural enrichment & eliminating limitations. Photo: Bennie E. Palmore II , B&T Capture",False,1177,1124,6074,8344,38,2009-04-13 18:13:00,https://pbs.twimg.com/profile_images/1243423108427419654/_vuVyYKZ_normal.jpg,False,False,en
RT @ClarkCountyNV: The @SNHDinfo today began its school-based #COVID19 #vaccine clinics at @DPHS_Jags and other @ClarkCountySch facilities.‚Ä¶,2021-06-02 16:42:32,1400130724364099592,Tanya Flanagan,Tanya_Flanagan,30919128,"Las Vegas, NV",https://t.co/jzUIaNLMBw,"Committed to equality! Energized, community-minded, savvy, dedicated to cultural enrichment & eliminating limitations. Photo: Bennie E. Palmore II , B&T Capture",False,1177,1124,6074,8344,38,2009-04-13 18:13:00,https://pbs.twimg.com/profile_images/1243423108427419654/_vuVyYKZ_normal.jpg,False,False,en
@Superbowl40fixd @DavidSchoenLVRJ Exactly. Your choice. Your risk. #GetVaccinated,2021-06-02 15:40:43,1400115166751039488,x-Kerry ‚ú®,kerrymt,21534191,"Las Vegas, NV",https://t.co/QuzftUGzKz,Teacher... Believer of Science.,False,143,1187,9988,1134,2,2009-02-22 01:20:14,https://pbs.twimg.com/profile_images/1307787148884541440/ZjLW_tn__normal.jpg,False,False,en
"RT @LiberalsLeaving: JP Sears nails it with a great #Covid analogy in this video. Are you stupid enough to get #Vaccinated? #Covid19 

http‚Ä¶",2021-06-02 14:27:55,1400096845897121794,pauls nyc via FLAüïÜüá∫üá∏üïä,pauls_nyc,834248645096644608,"New York, USA",,"DO NOT FOLLOW UNLESS YOU LIKE MY POSTS OR FIND INTERESTING.
Will save time from you getting offended and having to unFollow.
I Do not necessarily Follow back.",False,337,214,59138,87582,2,2017-02-22 03:49:11,https://pbs.twimg.com/profile_images/1263242708728020993/_jcwZ1-E_normal.jpg,True,False,en
"JP Sears nails it with a great #Covid analogy in this video. Are you stupid enough to get #Vaccinated? #Covid19 

https://t.co/EI99rvGrPK",2021-06-02 14:16:16,1400093916217499654,Liberals Leaving,LiberalsLeaving,731292058283974656,"Las Vegas, NV",,#Liberals are mentally-ill lying hypocrites and frauds. Wouldnt it be great if they all just left the country like they promised to once #Trump was elected?,False,2450,3041,140,5230,8,2016-05-14 01:16:28,https://pbs.twimg.com/profile_images/731292201238433793/i-hiyRNq_normal.jpg,True,False,en
Ya listos para la vacuna. Lo bueno que ser√° nada m√°s una con la #Janssen https://t.co/FHBLiqMh3w,2021-06-02 13:37:08,1400084066410532864,B–∞—èull–æ –°il–∞–ª—Ç—è–æ,Chockototo,2914561551,,,"Alg√∫n d√≠a tendr√© dos gatos, uno se llamar√° Barullo y el otro Cilantro. De Hermosillo, Sonora y fan de @grupointocable @RedSox y @ClubNaranjeros",False,29,195,2156,1735,0,2014-12-10 22:54:56,https://pbs.twimg.com/profile_images/842123103836680192/_RuzdnOl_normal.jpg,True,False,es
RT @ClarkCountyNV: The @cdc guidance recommends those not #vaccinated continue wearing masks and following social distancing and other prec‚Ä¶,2021-06-02 13:15:13,1400078553190866950,Justin Marks,jmarks2015,719191886,"Las Vegas, Nevada",https://t.co/NT1EJmA637,"Las Vegas, Nv, 702, Twitter: @jmarks2015 üëª: @jmarks2015, Live Life to the Fullest and Be Happy, and Be Kind, 24, 10/07/1996",False,1789,4979,244847,189328,35,2012-07-27 01:49:29,https://pbs.twimg.com/profile_images/1347638416310030336/aqxxS0Um_normal.jpg,True,False,en
"Tune in today to The Big Promise radio show on https://t.co/uzl99Sa6WW at 9am Pacific/12pm Eastern. Patty and I discuss #vaccines, civil liberties, and the #economy today. Join us! #vaccine https://t.co/COQh9VlUkj",2021-06-02 12:38:09,1400069221648723975,Zachary S Robbins,DrZacRobbins,194173014,"Las Vegas, NV",https://t.co/GW0ZLo6GVR,Ph.D./MBA; Author; Professional Black Person; #StarWars Fan; #HowardU & #BostonCollege alumni; Views Mine; RT/Follows aren't endorsements,False,3969,4900,8580,3990,51,2010-09-23 16:13:37,https://pbs.twimg.com/profile_images/1117263028754321409/kgYCMcmg_normal.png,False,False,en
@StephenAmell Make sure to message your shoulder at the injection area &amp; use ice! Just like a cortisone shot‚Ä¶. I didn‚Äôt! Was sore for a week! (Worked out too hard sore) #Moderna #vaccinate #MuayThai #MartialArtist,2021-06-02 10:09:59,1400031935020294144,Tony Totero,TonyTigerTotero,139180102,Las Vegas,https://t.co/zEH1aUADW4,Muay Thai/Boxing/MMA Coach #HyenaMuayThai #gilmartinezboxing #coachtonythetiger Security Consultant,False,1254,539,3171,20253,34,2010-05-01 20:18:48,https://pbs.twimg.com/profile_images/1200814276899790848/79ZMS29d_normal.jpg,False,False,en
Me finding out about the new #H10N3 after getting fully #vaccinated and thinking im so ready to go get back to normal üò≠ https://t.co/kRZlLujH63,2021-06-02 07:36:21,1399993272747970562,Actx,sincityACTX,1311919178350096385,"Las Vegas, NV",,2020 has me losing my mind ü•∏,False,2,42,97,23,0,2020-10-02 06:41:37,https://pbs.twimg.com/profile_images/1312088352200384514/WZuDkta7_normal.jpg,True,False,en
RT @ClarkCountyNV: The @SNHDinfo today began its school-based #COVID19 #vaccine clinics at @DPHS_Jags and other @ClarkCountySch facilities.‚Ä¶,2021-06-02 07:15:07,1399987927430701059,üá≠üá∫üéÄN√©methüá≠üá∫‚ù§Ô∏èüçÉüå∫üå±üåº‚ù§Ô∏è‚ôíüòç,Dius52871538p,1248276075672723456,Hungary,,"üá≠üá∫ Hungaryüá≠üá∫‚ù§Ô∏èI'm Hungarian,I'm proud of itüá≠üá∫‚ù§Ô∏è
#myRisky",False,1078,370,102599,58791,0,2020-04-09 15:46:35,https://pbs.twimg.com/profile_images/1400185449491148800/xGuN0dqO_normal.jpg,True,False,en
RT @ClarkCountyNV: #COVID19 update: Here is the #vaccine location list in Las #Vegas and #ClarkCounty for this week. A number of neighborho‚Ä¶,2021-06-02 05:08:20,1399956022526038017,AFAN - Aid For AIDS of Nevada,AFANLV,48515321,"1830 E Sahara Ave. #210 LV,NV",https://t.co/4fJdCjIUXw,AFAN provides support & advocacy for adults & children living with or affected by HIV/AIDS in southern Nevada.,False,4220,2357,904,7723,113,2009-06-18 22:30:54,https://pbs.twimg.com/profile_images/798976406017323008/-179rSZw_normal.jpg,False,False,en
RT @AltMtRainier: Tonight was a milestone: First dinner with my parents face to face in 14 months. #COVID19 #GetVaccinated https://t.co/P80‚Ä¶,2021-06-02 05:04:18,1399955007584145410,Robinhoodieüá∫üá≤üè¥‚Äç‚ò†Ô∏è,FUIndividual1,2241599234,"Washington, USA",,,False,374,1090,66261,28023,2,2013-12-12 01:10:18,https://pbs.twimg.com/profile_images/1307125350149894144/UcVesg0y_normal.jpg,True,False,en
Tonight was a milestone: First dinner with my parents face to face in 14 months. #COVID19 #GetVaccinated https://t.co/P80Mn9ixjn,2021-06-02 05:00:04,1399953941459132421,AltMtRainier üèî,AltMtRainier,824157441248153600,Paradise,https://t.co/NlyihtPqMh,Focused on fact based reporting and analysis. The Mountain is out & tweeting! Producer at @altsafterdark and @birdwatch contributor.,False,69332,424,26218,10192,876,2017-01-25 07:30:20,https://pbs.twimg.com/profile_images/839705049425035264/-xTriVe-_normal.jpg,False,False,en
"RT @LasVegasFD: This week‚Äôs POP up vaccination event at
@LasVegasFD FIRE STATION 5.  1020 Hinson St. (see map)
Hinson St just off W Charles‚Ä¶",2021-06-02 01:14:47,1399897246628409352,Joyce Recar üá∫üá∏üíâüá∫üá∏üò∑üá∫üá∏,joyz65,66751960,"Fremont, CA",,"Special Ed educator, mother, grandmother, wife, mother in law, union thug, California School Employee Association Chapter President, Fremont CA #Stayhome 45%",False,498,2431,91987,87837,15,2009-08-18 18:09:58,https://pbs.twimg.com/profile_images/1337256682896781317/V0TP7CcJ_normal.jpg,False,False,en
"RT @LasVegasFD: This week‚Äôs POP up vaccination event at
@LasVegasFD FIRE STATION 5.  1020 Hinson St. (see map)
Hinson St just off W Charles‚Ä¶",2021-06-02 01:13:08,1399896832591818755,Las Vegas CFA,LasVegasCFA,583914180,,,Citizens Fire Academy / Fire Corps Program / CFA Alumni Assn of Las Vegas Fire & Rescue Ph: 702-229-0146 cfa@LasVegasNevada.gov,False,1526,16,1986,21657,43,2012-05-18 14:01:20,https://pbs.twimg.com/profile_images/2229174212/FireSeal-CitizensAcademy_normal.JPG,True,False,en
"RT @LasVegasFD: This week‚Äôs POP up vaccination event at
@LasVegasFD FIRE STATION 5.  1020 Hinson St. (see map)
Hinson St just off W Charles‚Ä¶",2021-06-02 01:12:50,1399896759694893056,Tim Szymanski,firepeio,165247523,"Las Vegas, Nevada, USA",https://t.co/8u8o6HNmUu,"Advanced PIO & Master Fire Service Instructor. 50 yrs on the job, Tweets are my own. Las Vegas, Atlanta, Cleveland KF7PIO",False,2591,249,8537,41629,102,2010-07-11 01:39:05,https://pbs.twimg.com/profile_images/1332538983180427264/4yLNjHLt_normal.jpg,False,False,en
"This week‚Äôs POP up vaccination event at
@LasVegasFD FIRE STATION 5.  1020 Hinson St. (see map)
Hinson St just off W Charleston Bl next to Elks Club
TODAY &amp; TOMORROW /. 4 - 8PM
You can make appointments on https://t.co/MyCYL8Tibu
Walk ups welcome
Pfizer/J&amp;J event
#GetVaccinated https://t.co/1iBrD5Cfef",2021-06-02 01:11:50,1399896506203721728,Las Vegas FireRescue,LasVegasFD,372864877,"Las Vegas, Nevada USA",https://t.co/s1SYRj1XnX,Official information from Las Vegas Fire & Rescue Public Information Officer PIO1 (@firepeio) w/ @CityofLasVegas. Official LVFR Facebook: LasVegasFD,True,34572,9,4776,43173,510,2011-09-13 15:21:12,https://pbs.twimg.com/profile_images/1024028968742150150/H2gb52Z3_normal.jpg,False,False,en
"RT @RepSusieLee: Nevadans are coming together and stepping up to protect their communities and crush COVID. 

But we can‚Äôt stop now, so I‚Äôm‚Ä¶",2021-06-02 00:26:10,1399885015131955200,Amy Stewart Hale,penndragonArt,32366249,Las Vegas/Los Angeles,https://t.co/apxZdbPgQs,#Art is My Life-My Life is Art..I'm a visual #artist in #lasVegas #iBelieveIn #theResistance #weMatter #supportTheArts #rebelAllianceVerified,False,20583,20474,142449,557273,715,2009-04-17 10:55:37,https://pbs.twimg.com/profile_images/1201436943642284032/yRj36bS0_normal.jpg,False,False,en
"RT @RepSusieLee: Nevadans are coming together and stepping up to protect their communities and crush COVID. 

But we can‚Äôt stop now, so I‚Äôm‚Ä¶",2021-06-02 00:05:16,1399879755005005827,Holly Williams,hwilliams0085,917582651501850625,Northern California,,"#NeverForgetJanuary6th #WordsMatter #TruthMatters #JusticeMatters
#wtpBlue #FreshVoicesRise #BLM #LGBTQ #GunSafety
#wtpEarth #EarthJustice #ClimateAction",False,908,1994,122517,39114,2,2017-10-10 02:48:46,https://pbs.twimg.com/profile_images/1381423481481359362/6CbALXGD_normal.jpg,True,False,en
The @SNHDinfo today began its school-based #COVID19 #vaccine clinics at @DPHS_Jags and other @ClarkCountySch facilities. A brother and sister among the first to get their doses. Register for appointments at https://t.co/eRsR7Q1SWA. Walk-ins accepted if space available. #Vegas https://t.co/NulDQ5Wscn,2021-06-02 00:04:30,1399879559391027203,Clark County Nevada,ClarkCountyNV,33601080,"Las Vegas, Nevada",https://t.co/U3etDcMuUq,"Jurisdiction over Las #Vegas Strip. Home to 2.4M. Visited by 45.6M/yr. 11th-largest US county, an area the size of NJ. RTs & Follows are NOT endorsements.",True,211316,98637,17149,28032,1086,2009-04-20 17:59:46,https://pbs.twimg.com/profile_images/1273304902647705606/GUOf4pEL_normal.jpg,False,False,en
RT @ClarkCountyNV: #COVID19 update: Here is the #vaccine location list in Las #Vegas and #ClarkCounty for this week. A number of neighborho‚Ä¶,2021-06-01 23:19:11,1399868154810179588,Little Bear Adventures,lb_adventures,1396880357157478403,,https://t.co/lDao8vikMj,Do you want to go on your dream vacation? So do we! Let us help plan your #dreamgetaway today! Under Archer Travel Group.,False,3,68,0,18,0,2021-05-24 17:27:26,https://pbs.twimg.com/profile_images/1396880846779453441/UExMVPH5_normal.jpg,True,False,en
RT @ClarkCountyNV: #COVID19 update: Here is the #vaccine location list in Las #Vegas and #ClarkCounty for this week. A number of neighborho‚Ä¶,2021-06-01 23:16:16,1399867422954311681,Karen,KOinLV,1569688423,"Las Vegas, NV",,Can we hug again yet?,False,202,187,7059,2836,20,2013-07-05 04:02:37,https://pbs.twimg.com/profile_images/567686472254623745/jnrvdtUt_normal.jpeg,False,False,en
"RT @RepSusieLee: Nevadans are coming together and stepping up to protect their communities and crush COVID. 

But we can‚Äôt stop now, so I‚Äôm‚Ä¶",2021-06-01 23:06:08,1399864873379581953,Stephanie Justice,stephjusticee,451869891,,,"@uofsc alum üêîü§ôüèª | now: comms @susieleenv | then: @emilyslist, @adairfromsc, @harrisonjaime | she/her | all opinions are mine | üáµüá≠",False,292,1168,22314,1381,6,2012-01-01 04:08:36,https://pbs.twimg.com/profile_images/1389710191172755457/FypISorC_normal.jpg,False,False,en
"RT @RepSusieLee: Nevadans are coming together and stepping up to protect their communities and crush COVID. 

But we can‚Äôt stop now, so I‚Äôm‚Ä¶",2021-06-01 23:06:00,1399864838868852737,All 435 Reps,All435Reps,1124447266205503488,,,Collecting and retweeting tweets by all members of the US House of Representatives. Archived at: https://t.co/pr8ZcQwGNu,False,5184,747,0,571794,69,2019-05-03 22:54:54,https://pbs.twimg.com/profile_images/1124713248211783680/dISvFwue_normal.png,True,False,en
"Nevadans are coming together and stepping up to protect their communities and crush COVID. 

But we can‚Äôt stop now, so I‚Äôm asking all of you:

Can you text 3 friends today and ask them to #GetVaccinated? Here‚Äôs a link to find a nearby vaccination site: https://t.co/3XZ6xabSFn",2021-06-01 23:05:55,1399864816651620356,Rep. Susie Lee,RepSusieLee,1079061579973439488,"Las Vegas, NV",https://t.co/wVId73vLrP,Congresswoman proudly serving the folks in Nevada's 3rd District. Bipartisan Leader. Education Advocate. Mom to two great kids.,True,28082,287,805,5129,560,2018-12-29 17:08:23,https://pbs.twimg.com/profile_images/1080861522061127680/PO_53d01_normal.jpg,True,False,en
"#billgatesdivorce #vaccinated for good ?
https://t.co/zgbd6upk2X",2021-06-01 22:57:10,1399862615816376321,Flag Waver,Flag_Wavers,3494182277,Golden Valley Arizona,https://t.co/ufp5No8C8L,,False,821,1829,9432,11609,1,2015-08-30 19:38:21,https://pbs.twimg.com/profile_images/1184137047511990273/JIHLPyA__normal.jpg,True,False,en
"#natural #Vaccination ! Where do I get my #COVID19  Passport now ? #God Wins ! #SomethingNew 

https://t.co/PnRsE0s7pR",2021-06-01 22:46:14,1399859863564390401,Flag Waver,Flag_Wavers,3494182277,Golden Valley Arizona,https://t.co/ufp5No8C8L,,False,821,1829,9432,11609,1,2015-08-30 19:38:21,https://pbs.twimg.com/profile_images/1184137047511990273/JIHLPyA__normal.jpg,True,False,en
RT @ClarkCountyNV: #COVID19 update: Here is the #vaccine location list in Las #Vegas and #ClarkCounty for this week. A number of neighborho‚Ä¶,2021-06-01 22:38:39,1399857956678742024,#StayHome,viralvideovlogs,952247125185720320,‡¥ï‡µá‡¥∞‡¥≥‡¥Ç,https://t.co/DNSSZ8DfDd,"news news news and trends

https://t.co/2ScZqTGWgG",False,6729,4591,2404,737675,38,2018-01-13 18:33:01,https://pbs.twimg.com/profile_images/1284687051825180672/4usdfqyM_normal.jpg,True,False,en
RT @ClarkCountyNV: #COVID19 update: Here is the #vaccine location list in Las #Vegas and #ClarkCounty for this week. A number of neighborho‚Ä¶,2021-06-01 22:38:37,1399857948864565253,‚öîÔ∏è Lyn Taylor ‚öîÔ∏è,linktoLyn,39902307,"Las Vegas, NV",https://t.co/ZIgRMRugdW,"Creative Writer, Editor, & Sociologist. Also geek out for NHL & NFL & houseplants. #VegasBorn #GoAvsGo #BroncosCountry #RedSea #plantcrush",False,423,366,78848,9989,7,2009-05-14 02:11:00,https://pbs.twimg.com/profile_images/1059279206163472384/Uyfw29l1_normal.jpg,False,False,en
"RT @FiredUpInLV2: #DoctorIHaveABadCaseOf wanting EVERYONE - worldwide - to get #Vaccinated now, and preserve the safety of all humankind.",2021-06-01 22:24:41,1399854442279809024,ShirtDevils.com,TheShirtDevils,1344426649333469185,"New York, NY",https://t.co/WHIarMjZb5,"Shop our revealing, truthful, sarcastic, positive & nostalgic¬†shirts!
https://t.co/GilmKS8mi7",False,284,570,514,687,0,2020-12-30 23:34:45,https://pbs.twimg.com/profile_images/1356274040265187337/dgeiSU5r_normal.jpg,True,False,en
"#DoctorIHaveABadCaseOf wanting EVERYONE - worldwide - to get #Vaccinated now, and preserve the safety of all humankind.",2021-06-01 22:22:17,1399853837649809410,Anna M Shepard,FiredUpInLV2,167415857,Las Vegas NV,,"Proud to be an American! #Dem #Poet & #Hashtagger / My motto: 'LEND A HAND, WHEN YOU CAN!' / https://t.co/OYZrqhhluk",False,1802,2619,293,42033,60,2010-07-16 14:49:10,https://pbs.twimg.com/profile_images/1312473417560408064/fk8pCDL4_normal.jpg,False,False,en
RT @ClarkCountyNV: #COVID19 update: Here is the #vaccine location list in Las #Vegas and #ClarkCounty for this week. A number of neighborho‚Ä¶,2021-06-01 22:19:19,1399853090056990720,KittyKat,Kittybox1,40722792,,,,False,339,1303,11047,97240,2,2009-05-17 19:47:17,https://pbs.twimg.com/profile_images/1359332920033304576/5eSaz-ln_normal.jpg,False,False,en
RT @ClarkCountyNV: #COVID19 update: Here is the #vaccine location list in Las #Vegas and #ClarkCounty for this week. A number of neighborho‚Ä¶,2021-06-01 22:12:53,1399851469780635652,Ruben J. Kihuen,RubenKihuen,102178242,"Las Vegas, NV",https://t.co/2VmaTi6rWk,The Immigrant Home Foundation & Radio Talkshow Host on Fiesta Las Vegas 98.1FM,False,10020,432,2810,6392,231,2010-01-05 22:01:30,https://pbs.twimg.com/profile_images/1311697267296931840/ps8r_62y_normal.jpg,False,False,en
RT @ClarkCountyNV: #COVID19 update: Here is the #vaccine location list in Las #Vegas and #ClarkCounty for this week. A number of neighborho‚Ä¶,2021-06-01 22:11:21,1399851084374368259,Melissa Clary,MelissaRClary,127213113,"Las Vegas, NV",https://t.co/iOQV0WbBrP,Nevadan. Public Servant. Chief Gemologist: @gempioche.,False,1052,2223,10181,9174,8,2010-03-28 13:08:21,https://pbs.twimg.com/profile_images/978459132003983360/KvrtuK0N_normal.jpg,False,False,en
RT @ClarkCountyNV: #COVID19 update: Here is the #vaccine location list in Las #Vegas and #ClarkCounty for this week. A number of neighborho‚Ä¶,2021-06-01 22:09:20,1399850579866890248,Big Lo,justinRlopez,128963288,Some wheres just floatin,https://t.co/fTVyy7U7N8,"Born 2 Lose, Built 2 Win üá≤üáΩüáÆüá™üá∫üá∏ I gamble. I Thank The Lord For All My Achievements #TeamJustinLopez #GRUSA #StrengthLifeLegacy",False,347,266,5996,71133,28,2010-04-02 19:10:27,https://pbs.twimg.com/profile_images/1346976235927326721/tA4LiZCJ_normal.jpg,False,False,en
"#COVID19 update: Here is the #vaccine location list in Las #Vegas and #ClarkCounty for this week. A number of neighborhood events as the @SNHDinfo takes clinics out into the community. Book appointments at https://t.co/jy9gx7u5GQ.
 
#TakeYourShot https://t.co/pwGBoQI0Z8",2021-06-01 22:07:25,1399850095168745472,Clark County Nevada,ClarkCountyNV,33601080,"Las Vegas, Nevada",https://t.co/U3etDcMuUq,"Jurisdiction over Las #Vegas Strip. Home to 2.4M. Visited by 45.6M/yr. 11th-largest US county, an area the size of NJ. RTs & Follows are NOT endorsements.",True,211316,98637,17149,28032,1086,2009-04-20 17:59:46,https://pbs.twimg.com/profile_images/1273304902647705606/GUOf4pEL_normal.jpg,False,False,en
RT @ClarkCountyNV: The @cdc guidance recommends those not #vaccinated continue wearing masks and following social distancing and other prec‚Ä¶,2021-06-01 21:41:33,1399843584921063424,[DGSNV] Hosting,Channel6392,736273066725015552,"Las Vegas, NV",https://t.co/lpe8dSxvV8,City #World Tour #People Review #VIP Gaming #Reserve Religion #Tech Space #Business Finance #AI  ‚ôéÔ∏èüõ∏üåêüìàüé∞üì∏üìÄ‚öñÔ∏è,False,1117,4962,12681,106345,24,2016-05-27 19:09:13,https://pbs.twimg.com/profile_images/1363990509933318145/pCFYLe4v_normal.jpg,False,False,en
RT @ClarkCountyNV: The @cdc guidance recommends those not #vaccinated continue wearing masks and following social distancing and other prec‚Ä¶,2021-06-01 21:39:16,1399843012956413952,DTLVAlliance,DTLVAlliance,4302853939,"Downtown, Las Vegas",https://t.co/qbRVg6oAgq,"The Downtown Vegas Alliance is a member-driven nonprofit organization devoted to creating an attractive, vibrant, diverse and sustainable #DTLV.",False,1660,880,6924,4540,34,2015-11-20 16:43:00,https://pbs.twimg.com/profile_images/727633996721479680/kghjR660_normal.jpg,True,False,en
RT @ClarkCountyNV: The @cdc guidance recommends those not #vaccinated continue wearing masks and following social distancing and other prec‚Ä¶,2021-06-01 21:38:49,1399842897277509636,Nevada Community Foundation,NV_Foundation,709517547352133632,"Las Vegas, NV",https://t.co/snQIHQKDln,,False,306,398,496,1323,6,2016-03-14 23:12:20,https://pbs.twimg.com/profile_images/709518800568197120/Jt8mIZX-_normal.jpg,True,False,en
That's a lot of dough(nuts): Krispy Kreme says it has given away 1.5M doughnuts to vaccinated Americans. https://t.co/9DqCe1zhX4 @YahooFinance #COVID19 #vaccinated #incentives #doughnuts https://t.co/7DqSr2sfVX,2021-06-01 21:02:03,1399833647503585282,Dan Behringer ‚ú™,DanBehringer221,191201126,"Las Vegas, NV",https://t.co/ZWxEJFcCdF,"Author, editor, investor. #business #stockmarket #gambling #photography #weather #cars #LasVegan via #Michigan #Texas #Utah. Please, no political diatribes.",False,7084,5675,10869,10335,184,2010-09-15 21:14:33,https://pbs.twimg.com/profile_images/1263879456235548673/4CfTkuEj_normal.jpg,False,False,en
"The @cdc guidance recommends those not #vaccinated continue wearing masks and following social distancing and other precautions. The guidance allows fully vaccinated people to stop wearing face coverings in crowds and many other locations.

https://t.co/303Ex1JM0p

#Vegas https://t.co/yo8HpqiYOc",2021-06-01 15:39:07,1399752378048421889,Clark County Nevada,ClarkCountyNV,33601080,"Las Vegas, Nevada",https://t.co/U3etDcMuUq,"Jurisdiction over Las #Vegas Strip. Home to 2.4M. Visited by 45.6M/yr. 11th-largest US county, an area the size of NJ. RTs & Follows are NOT endorsements.",True,211316,98637,17149,28032,1086,2009-04-20 17:59:46,https://pbs.twimg.com/profile_images/1273304902647705606/GUOf4pEL_normal.jpg,False,False,en
"Ask your doctor to...

The answer may have you thinking...Is my doctor woefully ignorant, or willfully evil? Either way, can you ever again trust this doctor with potentially life changing advice?
#vaccines #Vaccine #HealthcareWorkers #healthcare #CrimesAgainstHumanity https://t.co/Z4TgvLenyZ",2021-06-01 13:12:13,1399715407737409540,ThorWarrior,4GTalkTextData,937732934,"Las Vegas, NV",https://t.co/bFidE7p2zK,"I identify as an American patriot!

This is an old account I abandoned years ago. My other two accounts were deleted by Twitter.",False,803,336,2154,12895,29,2012-11-09 20:51:06,https://pbs.twimg.com/profile_images/1383557667449233411/D_wUWpWO_normal.jpg,True,False,en
"Well ladies and gentlemen it's officially June 1st 2021 and the city of Las Vegas is fully functioning at 100% capacity no restrictions and no mask for those who are fully vaccinated. 
#ItAllComingBack #CovidVaccine #WelcomeBackLasVegas",2021-06-01 12:39:59,1399707297295736834,CakesByThePound,soulkid88,312788651,"Las Vegas, NV",,"Born and raised in Las Vegas, proud black educated gay man who lives life to the fullest, loves the Lord with all my heart, a family man, and a Big Ole Freak!!!",False,148,444,11344,798,0,2011-06-07 17:29:41,https://pbs.twimg.com/profile_images/1397402869049921539/CHBsKSAs_normal.jpg,True,False,en
"RT @granny_1857: Why can't we have oral vaccine for corona virus like polio drops.... Sui se darr lagta hai bohtüò´
#vaccination",2021-06-01 10:03:20,1399667876034797582,karan,gkaran89,392550408,"Jetpur Navagadh, India",,"The only person on twitter who doesnt claim

to be a social media guru..üíÉüíÉbusinessman....gujju boy..üòâüòâtechguruüëªüëªfollow me...will follow  back for sure...",False,717,3497,18766,11111,0,2011-10-17 06:40:30,https://pbs.twimg.com/profile_images/1392313951015247875/jC98PKpL_normal.jpg,True,False,en
"Mid-pandemic, these were my thoughts, however, things have rapidly changed for the better:  The vaccines developed are so powerful at knocking out the spike protein, not only will it prevent CoVid &amp; its variants, most likely, you'll never get the common Cold again.
#GetVaccinated https://t.co/rGwVpLfLUp",2021-06-01 05:32:33,1399599728929644549,Colden Thorne,ColdenThorne,432824475,"Las Vegas, NV",https://t.co/pWb6cThHTW,a designer,False,24,22,196,352,1,2011-12-09 20:39:55,https://pbs.twimg.com/profile_images/2264536749/frrvplgsdsqs3sc6t7o5_normal.jpeg,False,False,en
"RT @granny_1857: Why can't we have oral vaccine for corona virus like polio drops.... Sui se darr lagta hai bohtüò´
#vaccination",2021-06-01 04:17:48,1399580918768037893,Abs Bro(‡§ü‡•ç‡§µ‡§ø‡§ü‡§∞ ‡§ú‡•Ä‡§µ‡•Ä)üíô,abhi121_raj,110437251,Mumbai,,"‡§Æ‡•à‡§Ç ‡§Ö‡§™‡§®‡•á ‡§™‡•Å‡§∞‡§ñ‡•ã ‡§ïl ‡§ï‡§∞‡•ç‡•õ‡§¶‡§æ‡§∞ ‡§π‡•Ç‡§Å ‡§ú‡§ø‡§®‡•ç‡§π‡•ã‡§Ç‡§®‡•á
300‡§∏‡§æ‡§≤ ‡§Æ‡•Å‡•ö‡§≤‡•ã ‡§∏‡•á
200‡§∏‡§æ‡§≤ ‡§Ö‡§Ç‡§ó‡•ç‡§∞‡•á‡•õ‡•ã ‡§∏‡•á
60 ‡§∏‡§æ‡§≤ ‡§ï‡§æ‡§Ç‡§ó‡•ç‡§∞‡•á‡§∏ ‡§∏‡•á
‡§≤‡•ã‡§π‡§æ ‡§≤‡•á‡§§‡•á ‡§π‡•Å‡§è ‡§Æ‡•Å‡§ù‡•á ‡§π‡§ø‡§®‡•ç‡§¶‡•Ç ‡§¨‡§®‡§æ‡§è ‡§∞‡§ñ‡§æ
#‡§π‡§ø‡§®‡•ç‡§¶‡•Ç",False,5416,5898,329110,101802,2,2010-02-01 14:59:27,https://pbs.twimg.com/profile_images/1302952736586043394/lZO-qaox_normal.jpg,False,False,en
"Why can't we have oral vaccine for corona virus like polio drops.... Sui se darr lagta hai bohtüò´
#vaccination",2021-06-01 04:12:50,1399579666470502401,ü¶Ä,granny_1857,1112290607014174720,Paradise,,"I am scared of perfection. Perfect ones please stay away.
Oh yes.. the ones with Narcissistic Personality Disorder...SHOO",False,6401,709,85099,44344,10,2019-03-31 09:48:40,https://pbs.twimg.com/profile_images/1399176960522166273/hy67E4lR_normal.jpg,True,False,en
"There are no free passes on Judgement Day!
#Vaccine #CrimesAgainstHumanity #HealthcareWorkers https://t.co/M1gKXbSXDk",2021-06-01 03:34:27,1399570010566107142,ThorWarrior,4GTalkTextData,937732934,"Las Vegas, NV",https://t.co/bFidE7p2zK,"I identify as an American patriot!

This is an old account I abandoned years ago. My other two accounts were deleted by Twitter.",False,803,336,2154,12895,29,2012-11-09 20:51:06,https://pbs.twimg.com/profile_images/1383557667449233411/D_wUWpWO_normal.jpg,True,False,en
"Americans are safely celebrating Memorial Day because of the vaccine!
Thank you Governor Gavin Newsom!
#VaccinesWork #GetVaccinated https://t.co/Csuq2FeSHp",2021-05-31 20:26:27,1399462297446219777,Dee,Dee_Biden2020,910627601034571776,"Las Vegas, NV",,"Animal loverüêæ Be Kind üíú 
Biden Won üéâ  #MeeToo #BLM #Vote #VoteByMail #MaskUp üò∑",False,547,1764,40878,21793,2,2017-09-20 22:11:53,https://pbs.twimg.com/profile_images/1308600335120834561/qaDPvosj_normal.jpg,True,False,en
"Millions of Americans are SAFELY celebrating Memorial Day because of  VACCINES ‚Äº

#VaccinesSaveLives #GetVaccinated #VaccinesWork",2021-05-31 20:22:32,1399461313961619458,Dee,Dee_Biden2020,910627601034571776,"Las Vegas, NV",,"Animal loverüêæ Be Kind üíú 
Biden Won üéâ  #MeeToo #BLM #Vote #VoteByMail #MaskUp üò∑",False,547,1764,40878,21793,2,2017-09-20 22:11:53,https://pbs.twimg.com/profile_images/1308600335120834561/qaDPvosj_normal.jpg,True,False,en
RT @RepSusieLee: Drive-thru! It‚Äôs that easy to #GetVaccinated. ‚¨á‚¨á https://t.co/TdW0UxNpEL,2021-05-31 20:11:12,1399458460882771969,Kimmyann,kimmyann1111,2655912266,WA,,"RIDE OR DIE BLAZER FAN ‚ù§Ô∏èüñ§ CANCER SURVIVOR #Resist #BlackLivesMatter #Justice4Julius
Followed by @Dame_Lillard @RoArquette @trailblazers @brookeolzendam",False,10035,10327,341800,286979,6,2014-07-18 06:17:30,https://pbs.twimg.com/profile_images/1400827465593851907/q3vdkDG0_normal.jpg,False,False,en
üôåüèΩ #GetVaccinated https://t.co/svV3r8IMLc,2021-05-31 17:52:50,1399423641926848512,Lynn Comella,LynnComella,267315054,"Las Vegas, NV",https://t.co/UbQTF7DBMO,Writer. Professor. Researcher. Author: Vibrator Nation (Duke University Press). Coeditor: New Views on Pornography.,True,4819,1434,82525,86314,158,2011-03-16 18:17:41,https://pbs.twimg.com/profile_images/1278293596/Twitter_normal.jpg,True,False,und
Something to think about. #Satan #satanism #vaxamillion #vaccination That Mark Of The Beast has been unleashed. https://t.co/Jfm2yCURq5,2021-05-31 17:51:33,1399423318218854402,Adam The Truth Broker,ASBSmartBiz,1250866771,"Las Vegas, NV",,The Truth Must Come Out And Be Told. We Can Not Allow Our Freedom To Be Denied. We Are Fighting For Our Way Of Life.,False,1202,2698,3622,10565,31,2013-03-08 05:48:55,https://pbs.twimg.com/profile_images/1350581068781416448/Hf8CAqmJ_normal.jpg,False,False,en
"The #GQP does not endorse a #vaccine or mask-wearing because #MyBodyMyChoice but is all about overturning #RoeVsWade because they don't believe a woman should have a choice over her own body? 
#TrumpWasRight. It is time to drain the GOP swamp. https://t.co/nvd9HFD0Ao",2021-05-31 16:00:25,1399395351358889985,Troy Swezey,troyswezey,50390432,Las Vegas,https://t.co/hkcgO9drNb,"Proofreader for court reporters. @VeteranProofer Army veteran. Iconoclast. Digs: 007, F1 / E, Rock‚ÄôN‚ÄôRoll. #GoodGrammarIsSexy #NeverForget #GoodWithoutGod",False,2836,2822,4299,27458,160,2009-06-24 18:31:53,https://pbs.twimg.com/profile_images/1382122070549569539/TE_PUpvX_normal.jpg,False,False,en
"Perhaps learning from yet more missteps from the CDC, the EEOC is making their position on employers requiring vaccines for employees clearer https://t.co/YF4rhYT8TZ #vaccine #EEOC #workplace #employers #employees #workers #restaurant #bar #golfcourse #hospitality #foodservice https://t.co/Oi8W363RJn",2021-05-31 14:57:15,1399379451775963138,KRG America,KRGAmerica,1301614929921835008,"Las Vegas, NV",https://t.co/6szc24I4RZ,"@KRGHospitality is expanding throughout the US. Starting epic new restaurant, bar, and boutique hotel & entertainment venues",False,24,242,156,209,0,2020-09-03 20:16:04,https://pbs.twimg.com/profile_images/1301615011874459652/Sbfu9y8l_normal.png,True,False,en
#GetVaccinated https://t.co/p06ByU1Q06,2021-05-31 11:15:28,1399323638038290435,Lynn Comella,LynnComella,267315054,"Las Vegas, NV",https://t.co/UbQTF7DBMO,Writer. Professor. Researcher. Author: Vibrator Nation (Duke University Press). Coeditor: New Views on Pornography.,True,4819,1434,82525,86314,158,2011-03-16 18:17:41,https://pbs.twimg.com/profile_images/1278293596/Twitter_normal.jpg,True,False,und
"If people are ""scared"" they'll be discriminated against for not getting the vaccine and then proceeding to join public events. Just stay home. I respect your choice, but those should also take responsibility for that choice. #CovidVaccine #antivax #Selfishness",2021-05-31 05:20:44,1399234367252168705,Paul Theadra,PaulTStockwell,18452834,"Las Vegas, NV",,"Music brings love¬†to¬†a world of malevolence, and hope¬†to an adrift existence",False,201,983,47355,6240,2,2008-12-29 16:32:08,https://pbs.twimg.com/profile_images/1172688617271169025/E7MQu-oX_normal.jpg,False,False,en
"We're excited to announce, our decentralized #COVID19 #Blockchain Smart Contract &amp; #ERC20 Token!

With your QR Code, stores can scan &amp; see if you've been vaccinated using our free front end, so you don't have to carry that #vaccine card. Ask for a demo!",2021-05-31 04:36:54,1399223336710803456,Pyppin,PyppinMe,1360516643542114308,"Everywhere, World",https://t.co/2OLhBKGnu4,"Create a FREE #cryptocurrency Shopping Cart and start accepting #dogecoin or #Bitcoin today!

https://t.co/EeyPqzITcA and get started today!",False,2,16,130,32,0,2021-02-13 09:10:40,https://pbs.twimg.com/profile_images/1361815241386954753/6oqtfgXs_normal.jpg,True,False,en
"#VegasMeansBusiness
üëáüèº 
#GetVaccinated https://t.co/mniMJyxCxP",2021-05-31 03:10:55,1399201697180778499,Tony Shappy üáµüá≠üá∫üá∏,TonyShappy,177900605,Las Vegas NV & Angeles City PH,https://t.co/zfIl4emx7N,"A Filipino Harley Rider of Las Vegas NV. & Angeles City PH. I Tweet & RT Opinions, Views, & The News...",False,1232,349,44502,90471,74,2010-08-13 10:20:25,https://pbs.twimg.com/profile_images/1363017285393285122/etNudSYw_normal.jpg,False,False,und
#GetVaccinated https://t.co/j5qa4eRxxl,2021-05-31 03:07:40,1399200881757749248,Tony Shappy üáµüá≠üá∫üá∏,TonyShappy,177900605,Las Vegas NV & Angeles City PH,https://t.co/zfIl4emx7N,"A Filipino Harley Rider of Las Vegas NV. & Angeles City PH. I Tweet & RT Opinions, Views, & The News...",False,1232,349,44502,90471,74,2010-08-13 10:20:25,https://pbs.twimg.com/profile_images/1363017285393285122/etNudSYw_normal.jpg,False,False,und
@funder I like the mountains that are right by the beach! #GetVaccinated,2021-05-31 00:49:11,1399166028655910920,x-KnightUp,VegasStrong13,1325834673667256320,"Las Vegas, NV",,Proud Marine Dad. Adopted Rescue Dogs and cats. Windmill cancer survivor #VegasStrong #Resist,False,1033,2713,11668,14443,1,2020-11-09 16:16:48,https://pbs.twimg.com/profile_images/1325859786781462528/1TFJcQeN_normal.jpg,True,False,en
@KTVU Dine at restaurants as if you were #vaccinated EVEN if you‚Äôre not...You HAVE TO eat without a mask anyways. üòâüòÇü§£ü§£ü§£ #JustSaying #JustSayin #gomaskless #WearAMask,2021-05-30 18:13:25,1399066432588062722,William,Absolut_Will,1143561109,"San Francisco, CA",,The Deadline for Complaints Was Yesterday!!!,False,158,136,6177,7082,0,2013-02-02 22:17:48,https://pbs.twimg.com/profile_images/3322801688/6bd6b16b92715de59b79bbd982c01076_normal.jpeg,False,False,en
"European Union OKs $PFE, $BNTX 's COVID-19 Vaccine in Adolescents      #Pfizer       #BioNTech    #Coronavirus    #COVID19       #SARSCoV2      https://t.co/ySWCFDs634",2021-05-30 17:56:18,1399062125008539651,Hottest Stocks Now,HottestStockNow,106823467,"Las Vegas, NV",https://t.co/RZwbIFj8Wa,CRWEWorld's Hottest Stocks Now provides information only. It is not meant to be a recommendation/offer to buy or to sell securities. DYODD,False,2306,1743,28,58335,74,2010-01-20 20:20:39,https://pbs.twimg.com/profile_images/1053492745094889472/OpoAa1Xa_normal.jpg,False,False,en
#vaccinated courtesy of @Walgreens #CovidVaccine https://t.co/eXG2xyzc0Z,2021-05-30 17:22:26,1399053602098843651,Terrie Neilson ‚úçüóí,LVSignChick,1064458554,"Las Vegas, NV",https://t.co/vEpInqhYuM,"27,000 signs and counting! Wrestling and other entertainment signs!",False,2832,4423,67657,28872,29,2013-01-06 01:28:04,https://pbs.twimg.com/profile_images/1392747960258072576/zW4zkiUG_normal.jpg,True,False,en
"@CliveBarker1967 @beanobarton @tweetannylee @Round5N @VanessaBeeley Viruses are smaller then the openings in the masks. mRNA is even smaller. The masks are useless for protection against the virus or the gene therapy. The mRNA is transmissible by ""touch or proximity""...Pfizer
#vaccine #vaccines #COVID #pandemic #maskoff #mask  #Truth #mRNA",2021-05-30 12:29:54,1398979983800868866,ThorWarrior,4GTalkTextData,937732934,"Las Vegas, NV",https://t.co/bFidE7p2zK,"I identify as an American patriot!

This is an old account I abandoned years ago. My other two accounts were deleted by Twitter.",False,803,336,2154,12895,29,2012-11-09 20:51:06,https://pbs.twimg.com/profile_images/1383557667449233411/D_wUWpWO_normal.jpg,True,False,en
"#Covaxin from India
Thats what I‚Äôm waiting for....

pfizer moderna offered at my work early March 
gotta pass on it

DO your research 
Deactivated virus da  best #vaccine in the üåé
no  booster  shots  needed.
Definitely  will  work  on  all  variants  #COVID19 
@cnnphilippines https://t.co/py3Uk2KA3j",2021-05-30 07:15:00,1398900736033890305,Bud Rante,BudRante,3121654532,Las Vegas,,,False,166,186,4230,9257,2,2015-03-31 21:05:04,https://pbs.twimg.com/profile_images/1208578079611703301/pSjOZhBu_normal.jpg,True,False,en
"If you think being asked to wear a mask, or show proof that you're #vaccinated before not wearing one, makes you the equivalent of a Jew in Nazi Germany, you have a mountain of unexamined privilege to climb and a swamp of racism and historical ignorance to wade through. #ShutUp",2021-05-30 04:56:00,1398865756880654339,Brett Riley,brettwrites,267476938,"Las Vegas, NV",http://t.co/K336RrtZJM,"FREAKS drops 03/2022. 
Author of LORD OF ORDER, COMANCHE,and THE SUBTLE DANCE OF IMPULSE AND LIGHT. https://t.co/BXBYfd6HFh. 
he/him/his
Progressive leftist",False,215,781,4087,31612,10,2011-03-17 00:55:14,https://pbs.twimg.com/profile_images/1365091521276432388/b46eN9nY_normal.jpg,False,False,en
"RT @CarrieKaufman: I‚Äôm at the vax clinic at the convention center. There are few customers, so the workers are standing around us. They kno‚Ä¶",2021-05-29 23:50:45,1398788937997438978,Kate Shelor,KateShelor,20623558,"Las Vegas, NV",https://t.co/SiSP2Pxfer,Hypnotherapist. Speaker. Coach. Insta @kateshelor https://t.co/eCAyBR4f3D,False,2340,1841,45448,17978,31,2009-02-11 20:22:41,https://pbs.twimg.com/profile_images/1326934866361950211/CLid1GGY_normal.jpg,False,False,en
RT @TheAsylumVegas: Thank you to #BrunchToBroadway for being a great final act for our Saturday #CreateOurRecovery Concert Series shows! #E‚Ä¶,2021-05-29 23:48:13,1398788299406254083,EAT MORE ART! VEGAS,eatmoreartvegas,4119025460,"Las Vegas, NV",https://t.co/igEjJCmPo0,"The BEST guide to local Las Vegas Theatre & Dance listings, ratings & reviews.  #EATMOREART #LVARTS #VEGASARTS #VEGASTHEATRE #VEGASCULTURE #LVDANCE #VEGASMUSIC",False,973,408,2367,5626,20,2015-11-04 01:59:07,https://pbs.twimg.com/profile_images/689618737649979392/mQq2FSbp_normal.jpg,False,False,en
"RT @CarrieKaufman: I‚Äôm at the vax clinic at the convention center. There are few customers, so the workers are standing around us. They kno‚Ä¶",2021-05-29 23:47:45,1398788183656058882,EAT MORE ART! VEGAS,eatmoreartvegas,4119025460,"Las Vegas, NV",https://t.co/igEjJCmPo0,"The BEST guide to local Las Vegas Theatre & Dance listings, ratings & reviews.  #EATMOREART #LVARTS #VEGASARTS #VEGASTHEATRE #VEGASCULTURE #LVDANCE #VEGASMUSIC",False,973,408,2367,5626,20,2015-11-04 01:59:07,https://pbs.twimg.com/profile_images/689618737649979392/mQq2FSbp_normal.jpg,False,False,en
"RT @CarrieKaufman: I‚Äôm at the vax clinic at the convention center. There are few customers, so the workers are standing around us. They kno‚Ä¶",2021-05-29 23:35:00,1398784972660494344,Producers Alliance of Southern Nevada,palsnv,1291935186007896064,"Las Vegas, NV",,#palsnv,False,55,74,234,296,1,2020-08-08 03:12:18,https://pbs.twimg.com/profile_images/1292144349602439169/PmyrqFAi_normal.jpg,True,False,en
RT @TheAsylumVegas: Thank you to #BrunchToBroadway for being a great final act for our Saturday #CreateOurRecovery Concert Series shows! #E‚Ä¶,2021-05-29 23:34:54,1398784948169969666,Producers Alliance of Southern Nevada,palsnv,1291935186007896064,"Las Vegas, NV",,#palsnv,False,55,74,234,296,1,2020-08-08 03:12:18,https://pbs.twimg.com/profile_images/1292144349602439169/PmyrqFAi_normal.jpg,True,False,en
Thank you to #BrunchToBroadway for being a great final act for our Saturday #CreateOurRecovery Concert Series shows! #EatMoreArt #GetVaccinated https://t.co/Mlh1UHFerd,2021-05-29 23:34:03,1398784733350301703,The Asylum Theatre,TheAsylumVegas,2307113689,"Las Vegas, NV",http://t.co/JTewqyZKUE,"The Asylum MAKES THEATRE for audiences RIGHT HERE, RIGHT NOW. We introduce new plays & innovative approaches to the public. We TELL STORIES to you IN PERSON.",False,328,155,252,437,7,2014-01-23 19:23:49,https://pbs.twimg.com/profile_images/744741701399392256/55rPgqB9_normal.jpg,False,False,en
"RT @CarrieKaufman: I‚Äôm at the vax clinic at the convention center. There are few customers, so the workers are standing around us. They kno‚Ä¶",2021-05-29 22:35:06,1398769901037264896,Gary Sessa üé≠,McB834,564995119,"Las Vegas, NV",,"Teacher, actor, director. Dad to twins. Lover of Star Trek and Star Wars and have no problem reconciling the two. Die-hard Cubs fan. VGK ‚úäüèø‚úäüèæ‚úäüèΩüè≥Ô∏è‚Äçüåà",False,283,991,48671,5981,3,2012-04-27 23:22:43,https://pbs.twimg.com/profile_images/1147634345206620162/Siul7Mtk_normal.png,True,False,en
"I‚Äôm at the vax clinic at the convention center. There are few customers, so the workers are standing around us. They know they will have to pay 100 bucks a ticket to see these people post pandemic. This is Vegas talent. I am humbled. @eatmoreart #GetVaccinated #payartists https://t.co/hId1URD3fe",2021-05-29 22:33:47,1398769566260604929,Carrie Kaufman,CarrieKaufman,15165064,"Las Vegas, NV",https://t.co/xl7C98qrIq,"Talk show host, radio and print journalist, editor, speaker, moderator, mom to amazing twin daughters. Wants enough time to learn EVERYTHING! She/Her. Queer.",False,1067,659,6223,5099,43,2008-06-19 02:17:22,https://pbs.twimg.com/profile_images/933601634692853765/sKTaX2Pk_normal.jpg,False,False,en
"#GetVaccinated 
#GetBackToNormalcy üëáüèº https://t.co/AjMUWS3Wd1",2021-05-29 19:03:36,1398716673591414785,Tony Shappy üáµüá≠üá∫üá∏,TonyShappy,177900605,Las Vegas NV & Angeles City PH,https://t.co/zfIl4emx7N,"A Filipino Harley Rider of Las Vegas NV. & Angeles City PH. I Tweet & RT Opinions, Views, & The News...",False,1232,349,44502,90471,74,2010-08-13 10:20:25,https://pbs.twimg.com/profile_images/1363017285393285122/etNudSYw_normal.jpg,False,False,und
"Hey guys. Today, I was gratefully given the opportunity to get vaccinated with #PfizerVaccine 

If you are able to, please be sure to get vaccinated as soon as you can. I understand competent if you‚Äôre scared of the vaccine, but it‚Äôs best to get it sooner than later. https://t.co/IVKIHYcQ9a",2021-05-29 18:55:06,1398714536069275648,Samanosuke,HumzaTime,2617832809,Area 51,https://t.co/azVjUacsjP,Pre-Med Student || Gold Player in Street Fighter V || Ilvl 207 Arms Warrior in WoW (Heroic Raider),False,196,189,23473,33702,4,2014-07-11 18:32:18,https://pbs.twimg.com/profile_images/1389140198987116546/7jXLH3Xy_normal.jpg,False,False,en
Me and my Wife are about to get our second dose of #Moderna.. It feels so good to be fully vaccinated. #LightninginaBottle 2022 and @deadandcompany here we come!,2021-05-29 18:53:12,1398714057872474116,Poet Heir,poetheir33,392351665,"Las Vegas, NV",https://t.co/BeprkhJ7qx,"üíúHusband/Father/Socialist/Technopath üí´‚ù§Ô∏è. ‚ö°Ô∏èLover of Comics, Manga and Anime. He/Him. Part of @0utsidethe podcast.üåπ",False,804,2910,14724,13207,8,2011-10-16 22:15:01,https://pbs.twimg.com/profile_images/1400472190173159430/LNrgbmHQ_normal.jpg,False,False,en
"@SheriAWilkinson Whatever it takes for people to get vaccinated. Incentives!? Okay
We still have children in danger and immuno-compromised who's freedoms are limited because of this deadly virus.
I will be glad when children's vaccines are approved.
#GetVaccinated",2021-05-29 16:57:05,1398684833006592002,Dee,Dee_Biden2020,910627601034571776,"Las Vegas, NV",,"Animal loverüêæ Be Kind üíú 
Biden Won üéâ  #MeeToo #BLM #Vote #VoteByMail #MaskUp üò∑",False,547,1764,40878,21793,2,2017-09-20 22:11:53,https://pbs.twimg.com/profile_images/1308600335120834561/qaDPvosj_normal.jpg,True,False,en
